Experiment,Graph,Run,Avg Generation Time,Total Run Time,Final Fitness Value,Best Fitness Value,Avg Number of Colors Used,Average Total Time,Average Fitness,Stopping Generation,First 4 Color Generation,First Min Color Generation
crossover_prob_0.6,DurerGraph.col,1,0.002118825912475586,0.7749950885772705,240.0,240.0,5,0.7564750432968139,208.0,32,-1,3
crossover_prob_0.6,DurerGraph.col,2,0.002557620406150818,0.7624320983886719,200.0,200.0,6,0.7564750432968139,208.0,31,-1,0
crossover_prob_0.6,DurerGraph.col,3,0.002527467906475067,0.7682526111602783,240.0,240.0,5,0.7564750432968139,208.0,31,-1,0
crossover_prob_0.6,DurerGraph.col,4,0.0022760406136512756,0.744098424911499,200.0,200.0,6,0.7564750432968139,208.0,31,-1,0
crossover_prob_0.6,DurerGraph.col,5,0.002464674413204193,0.7689950466156006,200.0,200.0,6,0.7564750432968139,208.0,31,-1,1
crossover_prob_0.6,DurerGraph.col,6,0.002154223620891571,0.7599492073059082,200.0,200.0,6,0.7564750432968139,208.0,31,-1,0
crossover_prob_0.6,DurerGraph.col,7,0.002313286066055298,0.72705078125,200.0,200.0,6,0.7564750432968139,208.0,31,-1,0
crossover_prob_0.6,DurerGraph.col,8,0.002461470663547516,0.7559876441955566,200.0,200.0,6,0.7564750432968139,208.0,31,-1,0
crossover_prob_0.6,DurerGraph.col,9,0.0022461190819740295,0.7460145950317383,200.0,200.0,6,0.7564750432968139,208.0,31,-1,0
crossover_prob_0.6,DurerGraph.col,10,0.0026141181588172913,0.7569749355316162,200.0,200.0,6,0.7564750432968139,208.0,31,-1,0
