Experiment,Graph,Run,Avg Generation Time,Total Run Time,Final Fitness Value,Best Fitness Value,Avg Number of Colors Used,Average Total Time,Average Fitness,Stopping Generation,First 4 Color Generation,First Min Color Generation
mutation_prob_0.03,MoserSpindle.col,1,0.0010602772235870361,0.37800002098083496,175.0,175.0,4,0.3831043004989624,175.0,31,0,0
mutation_prob_0.03,MoserSpindle.col,2,0.0010910779237747192,0.35201597213745117,175.0,175.0,4,0.3831043004989624,175.0,31,0,0
mutation_prob_0.03,MoserSpindle.col,3,0.0011860057711601257,0.3931264877319336,175.0,175.0,4,0.3831043004989624,175.0,31,0,0
mutation_prob_0.03,MoserSpindle.col,4,0.001213960349559784,0.39289045333862305,175.0,175.0,4,0.3831043004989624,175.0,31,0,0
mutation_prob_0.03,MoserSpindle.col,5,0.0017193332314491272,0.41300082206726074,175.0,175.0,4,0.3831043004989624,175.0,31,0,0
mutation_prob_0.03,MoserSpindle.col,6,0.0012203752994537354,0.3920412063598633,175.0,175.0,4,0.3831043004989624,175.0,31,0,0
mutation_prob_0.03,MoserSpindle.col,7,0.0010925084352493286,0.353992223739624,175.0,175.0,4,0.3831043004989624,175.0,31,0,0
mutation_prob_0.03,MoserSpindle.col,8,0.0015719681978225708,0.39392590522766113,175.0,175.0,4,0.3831043004989624,175.0,31,0,0
mutation_prob_0.03,MoserSpindle.col,9,0.0014116913080215454,0.3810408115386963,175.0,175.0,4,0.3831043004989624,175.0,31,0,0
mutation_prob_0.03,MoserSpindle.col,10,0.0010549426078796387,0.3810091018676758,175.0,175.0,4,0.3831043004989624,175.0,31,0,0
