Experiment,Graph,Run,Avg Generation Time,Total Run Time,Final Fitness Value,Best Fitness Value,Avg Number of Colors Used,Average Total Time,Average Fitness,Stopping Generation,First 4 Color Generation,First Min Color Generation
mutation_prob_0.001,FruchtGraph.col,1,0.0018757879734039307,0.7621369361877441,200.0,200.0,6,0.7527307510375977,212.0,31,-1,0
mutation_prob_0.001,FruchtGraph.col,2,0.0027473345398902893,0.7719419002532959,240.0,240.0,5,0.7527307510375977,212.0,31,-1,0
mutation_prob_0.001,FruchtGraph.col,3,0.002836368978023529,0.7759621143341064,200.0,200.0,6,0.7527307510375977,212.0,31,-1,0
mutation_prob_0.001,FruchtGraph.col,4,0.002402260899543762,0.7770030498504639,200.0,200.0,6,0.7527307510375977,212.0,31,-1,0
mutation_prob_0.001,FruchtGraph.col,5,0.0027139857411384583,0.746997594833374,240.0,240.0,5,0.7527307510375977,212.0,31,-1,1
mutation_prob_0.001,FruchtGraph.col,6,0.0022518187761306763,0.7380025386810303,200.0,200.0,6,0.7527307510375977,212.0,31,-1,0
mutation_prob_0.001,FruchtGraph.col,7,0.002561904489994049,0.7589333057403564,200.0,200.0,6,0.7527307510375977,212.0,31,-1,0
mutation_prob_0.001,FruchtGraph.col,8,0.0019063502550125122,0.7540154457092285,200.0,200.0,6,0.7527307510375977,212.0,31,-1,0
mutation_prob_0.001,FruchtGraph.col,9,0.0018738508224487305,0.7233142852783203,200.0,200.0,6,0.7527307510375977,212.0,31,-1,0
mutation_prob_0.001,FruchtGraph.col,10,0.001657739281654358,0.7190003395080566,240.0,240.0,5,0.7527307510375977,212.0,31,-1,2
