Experiment,Graph,Run,Avg Generation Time,Total Run Time,Final Fitness Value,Best Fitness Value,Avg Number of Colors Used,Average Total Time,Average Fitness,Stopping Generation,First 4 Color Generation,First Min Color Generation
crossover_prob_0.95,FruchtGraph.col,1,0.0019922927021980286,0.7110130786895752,240.0,240.0,5,0.7405366420745849,236.0,31,-1,0
crossover_prob_0.95,FruchtGraph.col,2,0.0015608221292495728,0.7349474430084229,200.0,200.0,6,0.7405366420745849,236.0,31,-1,0
crossover_prob_0.95,FruchtGraph.col,3,0.0021568462252616882,0.7500724792480469,200.0,200.0,6,0.7405366420745849,236.0,31,-1,0
crossover_prob_0.95,FruchtGraph.col,4,0.0017159953713417053,0.7370522022247314,300.0,300.0,4,0.7405366420745849,236.0,31,0,0
crossover_prob_0.95,FruchtGraph.col,5,0.0022119805216789246,0.7399489879608154,240.0,240.0,5,0.7405366420745849,236.0,31,-1,1
crossover_prob_0.95,FruchtGraph.col,6,0.0021763209140661993,0.7573747634887695,300.0,300.0,4,0.7405366420745849,236.0,32,1,1
crossover_prob_0.95,FruchtGraph.col,7,0.0022761747241020203,0.7609612941741943,200.0,200.0,6,0.7405366420745849,236.0,31,-1,0
crossover_prob_0.95,FruchtGraph.col,8,0.002344690263271332,0.7279996871948242,200.0,200.0,6,0.7405366420745849,236.0,31,-1,0
crossover_prob_0.95,FruchtGraph.col,9,0.0023131370544433594,0.7369968891143799,240.0,240.0,5,0.7405366420745849,236.0,31,-1,0
crossover_prob_0.95,FruchtGraph.col,10,0.002656713128089905,0.7489995956420898,240.0,240.0,5,0.7405366420745849,236.0,31,-1,1
