Experiment,Graph,Run,Avg Generation Time,Total Run Time,Final Fitness Value,Best Fitness Value,Avg Number of Colors Used,Average Total Time,Average Fitness,Stopping Generation,First 4 Color Generation,First Min Color Generation
crossover_prob_0.95,Octahedron.col,1,0.0012509077787399292,0.34600186347961426,200.0,200.0,3,0.40562288761138915,200.0,31,0,0
crossover_prob_0.95,Octahedron.col,2,0.001157425343990326,0.31399989128112793,200.0,200.0,3,0.40562288761138915,200.0,31,0,0
crossover_prob_0.95,Octahedron.col,3,0.0013760849833488464,0.3470005989074707,200.0,200.0,3,0.40562288761138915,200.0,31,0,0
crossover_prob_0.95,Octahedron.col,4,0.001344829797744751,0.33722519874572754,200.0,200.0,3,0.40562288761138915,200.0,31,0,0
crossover_prob_0.95,Octahedron.col,5,0.0012511909008026123,0.33499932289123535,200.0,200.0,3,0.40562288761138915,200.0,31,0,0
crossover_prob_0.95,Octahedron.col,6,0.0013761967420578003,0.33899998664855957,200.0,200.0,3,0.40562288761138915,200.0,31,0,0
crossover_prob_0.95,Octahedron.col,7,0.0013741329312324524,0.358046293258667,200.0,200.0,3,0.40562288761138915,200.0,31,0,0
crossover_prob_0.95,Octahedron.col,8,0.001371331512928009,0.3749053478240967,200.0,200.0,3,0.40562288761138915,200.0,31,0,0
crossover_prob_0.95,Octahedron.col,9,0.0016937851905822754,0.7071998119354248,200.0,200.0,3,0.40562288761138915,200.0,31,0,0
crossover_prob_0.95,Octahedron.col,10,0.004467859864234924,0.5978505611419678,200.0,200.0,3,0.40562288761138915,200.0,31,0,0
