Experiment,Graph,Run,Avg Generation Time,Total Run Time,Final Fitness Value,Best Fitness Value,Avg Number of Colors Used,Average Total Time,Average Fitness,Stopping Generation,First 4 Color Generation,First Min Color Generation
crossover_prob_0.9,FruchtGraph.col,1,0.0020859241485595703,0.7500369548797607,200.0,200.0,6,0.7440597295761109,208.0,31,-1,0
crossover_prob_0.9,FruchtGraph.col,2,0.0018695220351219177,0.7160153388977051,240.0,240.0,5,0.7440597295761109,208.0,31,-1,0
crossover_prob_0.9,FruchtGraph.col,3,0.002430647611618042,0.7529938220977783,200.0,200.0,6,0.7440597295761109,208.0,31,-1,0
crossover_prob_0.9,FruchtGraph.col,4,0.0020551830530166626,0.7330007553100586,200.0,200.0,6,0.7440597295761109,208.0,31,-1,0
crossover_prob_0.9,FruchtGraph.col,5,0.0024987533688545227,0.7559525966644287,200.0,200.0,6,0.7440597295761109,208.0,31,-1,0
crossover_prob_0.9,FruchtGraph.col,6,0.002125971019268036,0.7389998435974121,200.0,200.0,6,0.7440597295761109,208.0,31,-1,0
crossover_prob_0.9,FruchtGraph.col,7,0.0020911768078804016,0.7650818824768066,200.0,200.0,6,0.7440597295761109,208.0,31,-1,0
crossover_prob_0.9,FruchtGraph.col,8,0.002615422010421753,0.7470247745513916,200.0,200.0,6,0.7440597295761109,208.0,31,-1,0
crossover_prob_0.9,FruchtGraph.col,9,0.0021205544471740723,0.7369527816772461,200.0,200.0,6,0.7440597295761109,208.0,31,-1,0
crossover_prob_0.9,FruchtGraph.col,10,0.002030506730079651,0.7445385456085205,240.0,240.0,5,0.7440597295761109,208.0,31,-1,0
