Experiment,Graph,Run,Avg Generation Time,Total Run Time,Final Fitness Value,Best Fitness Value,Avg Number of Colors Used,Average Total Time,Average Fitness,Stopping Generation,First 4 Color Generation,First Min Color Generation
num_individuals_50,Complete_Bipartite.col,1,0.0006194636225700378,0.09604740142822266,200.0,200.0,3,0.09319994449615479,230.0,31,0,0
num_individuals_50,Complete_Bipartite.col,2,0.0006176009774208069,0.09698700904846191,300.0,300.0,2,0.09319994449615479,230.0,31,0,0
num_individuals_50,Complete_Bipartite.col,3,0.0006492212414741516,0.09701371192932129,200.0,200.0,3,0.09319994449615479,230.0,31,0,0
num_individuals_50,Complete_Bipartite.col,4,0.0007204189896583557,0.09994888305664062,300.0,300.0,2,0.09319994449615479,230.0,31,0,0
num_individuals_50,Complete_Bipartite.col,5,0.000656813383102417,0.09499979019165039,200.0,200.0,3,0.09319994449615479,230.0,31,0,0
num_individuals_50,Complete_Bipartite.col,6,0.0005316659808158875,0.09300017356872559,200.0,200.0,3,0.09319994449615479,230.0,31,0,0
num_individuals_50,Complete_Bipartite.col,7,0.0008789915027040424,0.07503819465637207,300.0,300.0,2,0.09319994449615479,230.0,32,0,3
num_individuals_50,Complete_Bipartite.col,8,0.0005898475646972656,0.08501100540161133,200.0,200.0,3,0.09319994449615479,230.0,31,0,0
num_individuals_50,Complete_Bipartite.col,9,0.0007134154438972473,0.09498810768127441,200.0,200.0,3,0.09319994449615479,230.0,31,0,0
num_individuals_50,Complete_Bipartite.col,10,0.0004954487085342407,0.09896516799926758,200.0,200.0,3,0.09319994449615479,230.0,31,0,0
