Experiment,Graph,Run,Avg Generation Time,Total Run Time,Final Fitness Value,Best Fitness Value,Avg Number of Colors Used,Average Total Time,Average Fitness,Stopping Generation,First 4 Color Generation,First Min Color Generation
mutation_prob_0.03,Complete_Bipartite.col,1,0.0013720542192459106,0.2600417137145996,200.0,200.0,3,0.31993703842163085,250.0,31,0,0
mutation_prob_0.03,Complete_Bipartite.col,2,0.0012149661779403687,0.34025096893310547,200.0,200.0,3,0.31993703842163085,250.0,31,0,0
mutation_prob_0.03,Complete_Bipartite.col,3,0.0010914281010627747,0.34099769592285156,200.0,200.0,3,0.31993703842163085,250.0,31,0,0
mutation_prob_0.03,Complete_Bipartite.col,4,0.0012756213545799255,0.308011531829834,200.0,200.0,3,0.31993703842163085,250.0,31,0,0
mutation_prob_0.03,Complete_Bipartite.col,5,0.0014366507530212402,0.31600356101989746,300.0,300.0,2,0.31993703842163085,250.0,31,0,0
mutation_prob_0.03,Complete_Bipartite.col,6,0.0013072490692138672,0.3319852352142334,300.0,300.0,2,0.31993703842163085,250.0,31,0,0
mutation_prob_0.03,Complete_Bipartite.col,7,0.0011806339025497437,0.34299230575561523,300.0,300.0,2,0.31993703842163085,250.0,31,0,0
mutation_prob_0.03,Complete_Bipartite.col,8,0.00137300044298172,0.2480754852294922,300.0,300.0,2,0.31993703842163085,250.0,31,0,0
mutation_prob_0.03,Complete_Bipartite.col,9,0.0012782737612724304,0.35801100730895996,300.0,300.0,2,0.31993703842163085,250.0,31,0,0
mutation_prob_0.03,Complete_Bipartite.col,10,0.0012710541486740112,0.3530008792877197,200.0,200.0,3,0.31993703842163085,250.0,31,0,0
