Experiment,Graph,Run,Avg Generation Time,Total Run Time,Final Fitness Value,Best Fitness Value,Avg Number of Colors Used,Average Total Time,Average Fitness,Stopping Generation,First 4 Color Generation,First Min Color Generation
crossover_prob_0.1,MoserSpindle.col,1,0.0011476948857307434,0.3729984760284424,175.0,175.0,4,0.39014716148376466,175.0,31,0,0
crossover_prob_0.1,MoserSpindle.col,2,0.0013067498803138733,0.380997896194458,175.0,175.0,4,0.39014716148376466,175.0,31,0,0
crossover_prob_0.1,MoserSpindle.col,3,0.0011829286813735962,0.38300275802612305,175.0,175.0,4,0.39014716148376466,175.0,31,0,0
crossover_prob_0.1,MoserSpindle.col,4,0.0012805387377738953,0.373842716217041,175.0,175.0,4,0.39014716148376466,175.0,31,0,0
crossover_prob_0.1,MoserSpindle.col,5,0.0010596886277198792,0.38196420669555664,175.0,175.0,4,0.39014716148376466,175.0,31,0,0
crossover_prob_0.1,MoserSpindle.col,6,0.001275971531867981,0.39998698234558105,175.0,175.0,4,0.39014716148376466,175.0,31,0,0
crossover_prob_0.1,MoserSpindle.col,7,0.0012694895267486572,0.4486355781555176,175.0,175.0,4,0.39014716148376466,175.0,31,0,0
crossover_prob_0.1,MoserSpindle.col,8,0.0014963671565055847,0.39305686950683594,175.0,175.0,4,0.39014716148376466,175.0,31,0,0
crossover_prob_0.1,MoserSpindle.col,9,0.0012482255697250366,0.39493656158447266,175.0,175.0,4,0.39014716148376466,175.0,31,0,0
crossover_prob_0.1,MoserSpindle.col,10,0.0010321661829948425,0.37204957008361816,175.0,175.0,4,0.39014716148376466,175.0,31,0,0
