Experiment,Graph,Run,Avg Generation Time,Total Run Time,Final Fitness Value,Best Fitness Value,Avg Number of Colors Used,Average Total Time,Average Fitness,Stopping Generation,First 4 Color Generation,First Min Color Generation
num_individuals_150,LetterF.col,1,0.0016272366046905518,0.6299998760223389,250.0,250.0,2,0.6134189128875732,250.0,31,0,0
num_individuals_150,LetterF.col,2,0.0015338361263275146,0.578120231628418,250.0,250.0,2,0.6134189128875732,250.0,31,0,0
num_individuals_150,LetterF.col,3,0.001621238887310028,0.5830078125,250.0,250.0,2,0.6134189128875732,250.0,31,0,0
num_individuals_150,LetterF.col,4,0.0016533955931663513,0.5789985656738281,250.0,250.0,2,0.6134189128875732,250.0,31,0,0
num_individuals_150,LetterF.col,5,0.0016512498259544373,0.632000207901001,250.0,250.0,2,0.6134189128875732,250.0,31,0,0
num_individuals_150,LetterF.col,6,0.0014948993921279907,0.6100118160247803,250.0,250.0,2,0.6134189128875732,250.0,31,0,0
num_individuals_150,LetterF.col,7,0.0015577375888824463,0.6299524307250977,250.0,250.0,2,0.6134189128875732,250.0,31,0,0
num_individuals_150,LetterF.col,8,0.0015280023217201233,0.630012035369873,250.0,250.0,2,0.6134189128875732,250.0,31,0,0
num_individuals_150,LetterF.col,9,0.0016885921359062195,0.6340861320495605,250.0,250.0,2,0.6134189128875732,250.0,31,0,0
num_individuals_150,LetterF.col,10,0.0014382749795913696,0.628000020980835,250.0,250.0,2,0.6134189128875732,250.0,31,0,0
