Experiment,Graph,Run,Avg Generation Time,Total Run Time,Final Fitness Value,Best Fitness Value,Avg Number of Colors Used,Average Total Time,Average Fitness,Stopping Generation,First 4 Color Generation,First Min Color Generation
num_individuals_200,Octahedron.col,1,0.0029350146651268005,1.3338444232940674,200.0,200.0,3,1.3333905696868897,200.0,31,0,0
num_individuals_200,Octahedron.col,2,0.00359141081571579,1.6768453121185303,200.0,200.0,3,1.3333905696868897,200.0,31,0,0
num_individuals_200,Octahedron.col,3,0.002741597592830658,1.312997579574585,200.0,200.0,3,1.3333905696868897,200.0,31,0,0
num_individuals_200,Octahedron.col,4,0.0029058828949928284,1.307037591934204,200.0,200.0,3,1.3333905696868897,200.0,31,0,0
num_individuals_200,Octahedron.col,5,0.00293644517660141,1.3069379329681396,200.0,200.0,3,1.3333905696868897,200.0,31,0,0
num_individuals_200,Octahedron.col,6,0.00296967476606369,1.3099772930145264,200.0,200.0,3,1.3333905696868897,200.0,31,0,0
num_individuals_200,Octahedron.col,7,0.0029087215662002563,1.2870619297027588,200.0,200.0,3,1.3333905696868897,200.0,31,0,0
num_individuals_200,Octahedron.col,8,0.0028455406427383423,1.2430031299591064,200.0,200.0,3,1.3333905696868897,200.0,31,0,0
num_individuals_200,Octahedron.col,9,0.002871602773666382,1.2729401588439941,200.0,200.0,3,1.3333905696868897,200.0,31,0,0
num_individuals_200,Octahedron.col,10,0.0029665380716323853,1.2832603454589844,200.0,200.0,3,1.3333905696868897,200.0,31,0,0
