Experiment,Graph,Run,Avg Generation Time,Total Run Time,Final Fitness Value,Best Fitness Value,Avg Number of Colors Used,Average Total Time,Average Fitness,Stopping Generation,First 4 Color Generation,First Min Color Generation
num_individuals_200,FruchtGraph.col,1,0.004317201673984528,2.860579490661621,240.0,240.0,5,2.9480364322662354,224.0,31,-1,0
num_individuals_200,FruchtGraph.col,2,0.004829816520214081,2.8307337760925293,240.0,240.0,5,2.9480364322662354,224.0,31,-1,0
num_individuals_200,FruchtGraph.col,3,0.006939023733139038,3.663774251937866,200.0,200.0,6,2.9480364322662354,224.0,31,-1,0
num_individuals_200,FruchtGraph.col,4,0.0047842636704444885,2.9063363075256348,240.0,240.0,5,2.9480364322662354,224.0,31,-1,0
num_individuals_200,FruchtGraph.col,5,0.005221858620643616,2.882246255874634,200.0,200.0,6,2.9480364322662354,224.0,31,-1,0
num_individuals_200,FruchtGraph.col,6,0.0040321946144104,2.827749013900757,240.0,240.0,5,2.9480364322662354,224.0,31,-1,0
num_individuals_200,FruchtGraph.col,7,0.004402779042720795,2.8089599609375,240.0,240.0,5,2.9480364322662354,224.0,31,-1,1
num_individuals_200,FruchtGraph.col,8,0.004656784236431122,2.8727498054504395,200.0,200.0,6,2.9480364322662354,224.0,31,-1,0
num_individuals_200,FruchtGraph.col,9,0.0037389713175156537,2.9789912700653076,240.0,240.0,5,2.9480364322662354,224.0,33,-1,4
num_individuals_200,FruchtGraph.col,10,0.004783891141414642,2.8482441902160645,200.0,200.0,6,2.9480364322662354,224.0,31,-1,0
