Experiment,Graph,Run,Avg Generation Time,Total Run Time,Final Fitness Value,Best Fitness Value,Avg Number of Colors Used,Average Total Time,Average Fitness,Stopping Generation,First 4 Color Generation,First Min Color Generation
crossover_prob_0.95,MoserSpindle.col,1,0.0014049559831619263,0.4190216064453125,175.0,175.0,4,0.4572720766067505,175.0,31,0,0
crossover_prob_0.95,MoserSpindle.col,2,0.001686282455921173,0.4625988006591797,175.0,175.0,4,0.4572720766067505,175.0,31,0,0
crossover_prob_0.95,MoserSpindle.col,3,0.001529395580291748,0.4991137981414795,175.0,175.0,4,0.4572720766067505,175.0,31,0,0
crossover_prob_0.95,MoserSpindle.col,4,0.0030324310064315796,0.8750045299530029,175.0,175.0,4,0.4572720766067505,175.0,31,0,0
crossover_prob_0.95,MoserSpindle.col,5,0.0016563758254051208,0.4477412700653076,175.0,175.0,4,0.4572720766067505,175.0,31,0,0
crossover_prob_0.95,MoserSpindle.col,6,0.001122601330280304,0.3690493106842041,175.0,175.0,4,0.4572720766067505,175.0,31,0,0
crossover_prob_0.95,MoserSpindle.col,7,0.0010559111833572388,0.39019131660461426,175.0,175.0,4,0.4572720766067505,175.0,31,0,0
crossover_prob_0.95,MoserSpindle.col,8,0.0011517256498336792,0.3529930114746094,175.0,175.0,4,0.4572720766067505,175.0,31,0,0
crossover_prob_0.95,MoserSpindle.col,9,0.0010864287614822388,0.37199902534484863,175.0,175.0,4,0.4572720766067505,175.0,31,0,0
crossover_prob_0.95,MoserSpindle.col,10,0.0014282390475273132,0.3850080966949463,175.0,175.0,4,0.4572720766067505,175.0,31,0,0
