Experiment,Graph,Run,Avg Generation Time,Total Run Time,Final Fitness Value,Best Fitness Value,Avg Number of Colors Used,Average Total Time,Average Fitness,Stopping Generation,First 4 Color Generation,First Min Color Generation
num_individuals_50,Octahedron.col,1,0.0008110702037811279,0.10503482818603516,200.0,200.0,3,0.10300030708312988,200.0,31,0,0
num_individuals_50,Octahedron.col,2,0.0008293092250823975,0.09895753860473633,200.0,200.0,3,0.10300030708312988,200.0,31,0,0
num_individuals_50,Octahedron.col,3,0.0007421493530273438,0.11496353149414062,200.0,200.0,3,0.10300030708312988,200.0,34,0,0
num_individuals_50,Octahedron.col,4,0.000813707709312439,0.11604690551757812,200.0,200.0,3,0.10300030708312988,200.0,31,0,0
num_individuals_50,Octahedron.col,5,0.0007414445281028748,0.10495543479919434,200.0,200.0,3,0.10300030708312988,200.0,31,0,0
num_individuals_50,Octahedron.col,6,0.0006811916828155518,0.09204411506652832,200.0,200.0,3,0.10300030708312988,200.0,31,0,1
num_individuals_50,Octahedron.col,7,0.0006883740425109863,0.10000085830688477,200.0,200.0,3,0.10300030708312988,200.0,31,0,0
num_individuals_50,Octahedron.col,8,0.0007167086005210876,0.10000205039978027,200.0,200.0,3,0.10300030708312988,200.0,31,0,0
num_individuals_50,Octahedron.col,9,0.0005890801548957825,0.09398508071899414,200.0,200.0,3,0.10300030708312988,200.0,31,0,0
num_individuals_50,Octahedron.col,10,0.0005568125668693991,0.10401272773742676,200.0,200.0,3,0.10300030708312988,200.0,33,0,4
