Experiment,Graph,Run,Avg Generation Time,Total Run Time,Final Fitness Value,Best Fitness Value,Avg Number of Colors Used,Average Total Time,Average Fitness,Stopping Generation,First 4 Color Generation,First Min Color Generation
mutation_prob_0.001,MoserSpindle.col,1,0.0012137815356254578,0.3730506896972656,175.0,175.0,4,0.38071455955505373,175.0,31,0,0
mutation_prob_0.001,MoserSpindle.col,2,0.001087181270122528,0.3299992084503174,175.0,175.0,4,0.38071455955505373,175.0,31,0,0
mutation_prob_0.001,MoserSpindle.col,3,0.0014069750905036926,0.35994911193847656,175.0,175.0,4,0.38071455955505373,175.0,31,0,0
mutation_prob_0.001,MoserSpindle.col,4,0.001184418797492981,0.3930506706237793,175.0,175.0,4,0.38071455955505373,175.0,31,0,0
mutation_prob_0.001,MoserSpindle.col,5,0.0010592862963676453,0.389986515045166,175.0,175.0,4,0.38071455955505373,175.0,31,0,0
mutation_prob_0.001,MoserSpindle.col,6,0.0010874345898628235,0.38799142837524414,175.0,175.0,4,0.38071455955505373,175.0,31,0,0
mutation_prob_0.001,MoserSpindle.col,7,0.0011199787259101868,0.38901329040527344,175.0,175.0,4,0.38071455955505373,175.0,31,0,0
mutation_prob_0.001,MoserSpindle.col,8,0.001054607331752777,0.39110660552978516,175.0,175.0,4,0.38071455955505373,175.0,31,0,0
mutation_prob_0.001,MoserSpindle.col,9,0.0013091787695884705,0.39794492721557617,175.0,175.0,4,0.38071455955505373,175.0,31,0,0
mutation_prob_0.001,MoserSpindle.col,10,0.001337990164756775,0.3950531482696533,175.0,175.0,4,0.38071455955505373,175.0,31,0,0
