Experiment,Graph,Run,Avg Generation Time,Total Run Time,Final Fitness Value,Best Fitness Value,Avg Number of Colors Used,Average Total Time,Average Fitness,Stopping Generation,First 4 Color Generation,First Min Color Generation
num_individuals_200,DurerGraph.col,1,0.004812180995941162,2.8259644508361816,240.0,240.0,5,2.8526272535324098,224.0,31,-1,2
num_individuals_200,DurerGraph.col,2,0.006180889904499054,2.8866443634033203,200.0,200.0,6,2.8526272535324098,224.0,31,-1,0
num_individuals_200,DurerGraph.col,3,0.004876673221588135,2.8564746379852295,200.0,200.0,6,2.8526272535324098,224.0,31,-1,0
num_individuals_200,DurerGraph.col,4,0.005591176450252533,3.2652857303619385,240.0,240.0,5,2.8526272535324098,224.0,31,-1,0
num_individuals_200,DurerGraph.col,5,0.004533626139163971,2.706963300704956,240.0,240.0,5,2.8526272535324098,224.0,31,-1,2
num_individuals_200,DurerGraph.col,6,0.0037872791290283203,2.7431533336639404,240.0,240.0,5,2.8526272535324098,224.0,31,-1,1
num_individuals_200,DurerGraph.col,7,0.00434490293264389,2.8580269813537598,240.0,240.0,5,2.8526272535324098,224.0,31,-1,0
num_individuals_200,DurerGraph.col,8,0.004529774188995361,2.900707483291626,200.0,200.0,6,2.8526272535324098,224.0,31,-1,0
num_individuals_200,DurerGraph.col,9,0.004907742142677307,2.8260369300842285,200.0,200.0,6,2.8526272535324098,224.0,31,-1,0
num_individuals_200,DurerGraph.col,10,0.00547114759683609,2.657015323638916,240.0,240.0,5,2.8526272535324098,224.0,31,-1,0
