Experiment,Graph,Run,Avg Generation Time,Total Run Time,Final Fitness Value,Best Fitness Value,Avg Number of Colors Used,Average Total Time,Average Fitness,Stopping Generation,First 4 Color Generation,First Min Color Generation
num_individuals_200,LetterB.col,1,0.003503046929836273,1.829010009765625,200.0,200.0,3,1.3184154272079467,270.0,31,0,0
num_individuals_200,LetterB.col,2,0.002593688666820526,1.2842228412628174,200.0,200.0,3,1.3184154272079467,270.0,31,0,0
num_individuals_200,LetterB.col,3,0.002622634172439575,1.3059284687042236,200.0,200.0,3,1.3184154272079467,270.0,31,0,0
num_individuals_200,LetterB.col,4,0.0025286152958869934,1.254000186920166,300.0,300.0,2,1.3184154272079467,270.0,31,0,0
num_individuals_200,LetterB.col,5,0.003000415861606598,1.2520458698272705,300.0,300.0,2,1.3184154272079467,270.0,31,0,0
num_individuals_200,LetterB.col,6,0.0025939494371414185,1.222883701324463,300.0,300.0,2,1.3184154272079467,270.0,31,0,0
num_individuals_200,LetterB.col,7,0.002717137336730957,1.3050017356872559,300.0,300.0,2,1.3184154272079467,270.0,31,0,0
num_individuals_200,LetterB.col,8,0.0028395578265190125,1.1733801364898682,300.0,300.0,2,1.3184154272079467,270.0,31,0,0
num_individuals_200,LetterB.col,9,0.0024515241384506226,1.2613236904144287,300.0,300.0,2,1.3184154272079467,270.0,31,0,0
num_individuals_200,LetterB.col,10,0.00234019011259079,1.2963576316833496,300.0,300.0,2,1.3184154272079467,270.0,31,0,0
