Experiment,Graph,Run,Avg Generation Time,Total Run Time,Final Fitness Value,Best Fitness Value,Avg Number of Colors Used,Average Total Time,Average Fitness,Stopping Generation,First 4 Color Generation,First Min Color Generation
crossover_prob_0.9,Wheel6Graph.col,1,0.0010620206594467163,0.34555602073669434,150.0,150.0,4,0.3342609167098999,150.0,31,0,0
crossover_prob_0.9,Wheel6Graph.col,2,0.0011879876255989075,0.3350038528442383,150.0,150.0,4,0.3342609167098999,150.0,31,0,0
crossover_prob_0.9,Wheel6Graph.col,3,0.001094624400138855,0.33099961280822754,150.0,150.0,4,0.3342609167098999,150.0,31,0,0
crossover_prob_0.9,Wheel6Graph.col,4,0.0010948851704597473,0.3370034694671631,150.0,150.0,4,0.3342609167098999,150.0,31,0,0
crossover_prob_0.9,Wheel6Graph.col,5,0.0010326504707336426,0.3279998302459717,150.0,150.0,4,0.3342609167098999,150.0,31,0,0
crossover_prob_0.9,Wheel6Graph.col,6,0.0010009780526161194,0.343996524810791,150.0,150.0,4,0.3342609167098999,150.0,31,0,0
crossover_prob_0.9,Wheel6Graph.col,7,0.0010283663868904114,0.32500314712524414,150.0,150.0,4,0.3342609167098999,150.0,31,0,0
crossover_prob_0.9,Wheel6Graph.col,8,0.0010324344038963318,0.3390004634857178,150.0,150.0,4,0.3342609167098999,150.0,31,0,0
crossover_prob_0.9,Wheel6Graph.col,9,0.0010008513927459717,0.3359992504119873,150.0,150.0,4,0.3342609167098999,150.0,31,0,0
crossover_prob_0.9,Wheel6Graph.col,10,0.0010311976075172424,0.32204699516296387,150.0,150.0,4,0.3342609167098999,150.0,31,0,0
