Experiment,Graph,Run,Avg Generation Time,Total Run Time,Final Fitness Value,Best Fitness Value,Avg Number of Colors Used,Average Total Time,Average Fitness,Stopping Generation,First 4 Color Generation,First Min Color Generation
num_individuals_50,DurerGraph.col,1,0.001345708966255188,0.2161242961883545,240.0,240.0,5,0.21453258991241456,208.0,31,-1,0
num_individuals_50,DurerGraph.col,2,0.0013131722807884216,0.21299958229064941,200.0,200.0,6,0.21453258991241456,208.0,31,-1,0
num_individuals_50,DurerGraph.col,3,0.0011228546500205994,0.21003317832946777,200.0,200.0,6,0.21453258991241456,208.0,31,-1,0
num_individuals_50,DurerGraph.col,4,0.0012098997831344604,0.21001577377319336,200.0,200.0,6,0.21453258991241456,208.0,31,-1,1
num_individuals_50,DurerGraph.col,5,0.0011545121669769287,0.2169489860534668,200.0,200.0,6,0.21453258991241456,208.0,31,-1,1
num_individuals_50,DurerGraph.col,6,0.0012514516711235046,0.21390962600708008,200.0,200.0,6,0.21453258991241456,208.0,31,-1,0
num_individuals_50,DurerGraph.col,7,0.0011562108993530273,0.21505427360534668,200.0,200.0,6,0.21453258991241456,208.0,31,-1,0
num_individuals_50,DurerGraph.col,8,0.0011818483471870422,0.2192850112915039,200.0,200.0,6,0.21453258991241456,208.0,31,-1,0
num_individuals_50,DurerGraph.col,9,0.0011815354228019714,0.21500611305236816,200.0,200.0,6,0.21453258991241456,208.0,31,-1,0
num_individuals_50,DurerGraph.col,10,0.001248881220817566,0.21594905853271484,240.0,240.0,5,0.21453258991241456,208.0,31,-1,0
