Experiment,Graph,Run,Avg Generation Time,Total Run Time,Final Fitness Value,Best Fitness Value,Avg Number of Colors Used,Average Total Time,Average Fitness,Stopping Generation,First 4 Color Generation,First Min Color Generation
crossover_prob_0.6,Octahedron.col,1,0.0014023184776306152,0.36104774475097656,200.0,200.0,3,0.35802669525146485,200.0,31,0,0
crossover_prob_0.6,Octahedron.col,2,0.0013341978192329407,0.33095240592956543,200.0,200.0,3,0.35802669525146485,200.0,31,0,0
crossover_prob_0.6,Octahedron.col,3,0.0012720972299575806,0.3140265941619873,200.0,200.0,3,0.35802669525146485,200.0,31,0,0
crossover_prob_0.6,Octahedron.col,4,0.0012127533555030823,0.35697054862976074,200.0,200.0,3,0.35802669525146485,200.0,31,0,1
crossover_prob_0.6,Octahedron.col,5,0.0013346895575523376,0.3480403423309326,200.0,200.0,3,0.35802669525146485,200.0,31,0,0
crossover_prob_0.6,Octahedron.col,6,0.0014283880591392517,0.3481724262237549,200.0,200.0,3,0.35802669525146485,200.0,31,0,0
crossover_prob_0.6,Octahedron.col,7,0.0013391003012657166,0.3380093574523926,200.0,200.0,3,0.35802669525146485,200.0,31,0,0
crossover_prob_0.6,Octahedron.col,8,0.0013371556997299194,0.34099864959716797,200.0,200.0,3,0.35802669525146485,200.0,31,0,0
crossover_prob_0.6,Octahedron.col,9,0.001180998980998993,0.3259892463684082,200.0,200.0,3,0.35802669525146485,200.0,31,0,0
crossover_prob_0.6,Octahedron.col,10,0.0028382986783981323,0.5160596370697021,200.0,200.0,3,0.35802669525146485,200.0,31,0,0
