Experiment,Graph,Run,Avg Generation Time,Total Run Time,Final Fitness Value,Best Fitness Value,Avg Number of Colors Used,Average Total Time,Average Fitness,Stopping Generation,First 4 Color Generation,First Min Color Generation
crossover_prob_0.9,Complete_Bipartite.col,1,0.001196745114448743,0.407304048538208,300.0,300.0,2,0.3696939468383789,280.0,38,0,0
crossover_prob_0.9,Complete_Bipartite.col,2,0.001276262104511261,0.34327173233032227,300.0,300.0,2,0.3696939468383789,280.0,31,0,0
crossover_prob_0.9,Complete_Bipartite.col,3,0.0009910911321640015,0.2439885139465332,300.0,300.0,2,0.3696939468383789,280.0,31,0,1
crossover_prob_0.9,Complete_Bipartite.col,4,0.0012729242444038391,0.33800792694091797,200.0,200.0,3,0.3696939468383789,280.0,31,0,0
crossover_prob_0.9,Complete_Bipartite.col,5,0.0012120455503463745,0.22700262069702148,300.0,300.0,2,0.3696939468383789,280.0,31,0,1
crossover_prob_0.9,Complete_Bipartite.col,6,0.0014632269740104675,0.3719499111175537,300.0,300.0,2,0.3696939468383789,280.0,31,0,2
crossover_prob_0.9,Complete_Bipartite.col,7,0.002627037465572357,0.7024176120758057,300.0,300.0,2,0.3696939468383789,280.0,31,0,0
crossover_prob_0.9,Complete_Bipartite.col,8,0.0016490519046783447,0.381044864654541,300.0,300.0,2,0.3696939468383789,280.0,31,0,0
crossover_prob_0.9,Complete_Bipartite.col,9,0.0013680905103683472,0.35001182556152344,300.0,300.0,2,0.3696939468383789,280.0,31,0,0
crossover_prob_0.9,Complete_Bipartite.col,10,0.0009939521551132202,0.3319404125213623,200.0,200.0,3,0.3696939468383789,280.0,31,0,0
