Experiment,Graph,Run,Avg Generation Time,Total Run Time,Final Fitness Value,Best Fitness Value,Avg Number of Colors Used,Average Total Time,Average Fitness,Stopping Generation,First 4 Color Generation,First Min Color Generation
num_individuals_25,Wheel6Graph.col,1,0.00028129667043685913,0.02599811553955078,150.0,150.0,4,0.02709977626800537,150.0,31,0,0
num_individuals_25,Wheel6Graph.col,2,0.0003124922513961792,0.02700042724609375,150.0,150.0,4,0.02709977626800537,150.0,31,0,0
num_individuals_25,Wheel6Graph.col,3,0.00025006383657455444,0.027001142501831055,150.0,150.0,4,0.02709977626800537,150.0,31,0,0
num_individuals_25,Wheel6Graph.col,4,0.0002812296152114868,0.025998353958129883,150.0,150.0,4,0.02709977626800537,150.0,31,0,0
num_individuals_25,Wheel6Graph.col,5,0.00025007128715515137,0.0280001163482666,150.0,150.0,4,0.02709977626800537,150.0,31,0,0
num_individuals_25,Wheel6Graph.col,6,0.0002812892198562622,0.02799701690673828,150.0,150.0,4,0.02709977626800537,150.0,31,0,0
num_individuals_25,Wheel6Graph.col,7,0.00015626847743988037,0.02700328826904297,150.0,150.0,4,0.02709977626800537,150.0,31,0,0
num_individuals_25,Wheel6Graph.col,8,0.00018750131130218506,0.0279996395111084,150.0,150.0,4,0.02709977626800537,150.0,31,0,0
num_individuals_25,Wheel6Graph.col,9,0.000250011682510376,0.026999950408935547,150.0,150.0,4,0.02709977626800537,150.0,31,0,0
num_individuals_25,Wheel6Graph.col,10,0.00028126686811447144,0.026999711990356445,150.0,150.0,4,0.02709977626800537,150.0,31,0,0
