Experiment,Graph,Run,Avg Generation Time,Total Run Time,Final Fitness Value,Best Fitness Value,Avg Number of Colors Used,Average Total Time,Average Fitness,Stopping Generation,First 4 Color Generation,First Min Color Generation
num_individuals_200,MoserSpindle.col,1,0.0024348869919776917,1.46295166015625,175.0,175.0,4,1.4728142738342285,175.0,31,0,0
num_individuals_200,MoserSpindle.col,2,0.004277318716049194,1.9572608470916748,175.0,175.0,4,1.4728142738342285,175.0,31,0,0
num_individuals_200,MoserSpindle.col,3,0.002371467649936676,1.4422132968902588,175.0,175.0,4,1.4728142738342285,175.0,31,0,0
num_individuals_200,MoserSpindle.col,4,0.0023411884903907776,1.3788731098175049,175.0,175.0,4,1.4728142738342285,175.0,31,0,0
num_individuals_200,MoserSpindle.col,5,0.002527974545955658,1.4170353412628174,175.0,175.0,4,1.4728142738342285,175.0,31,0,0
num_individuals_200,MoserSpindle.col,6,0.002500370144844055,1.3402683734893799,175.0,175.0,4,1.4728142738342285,175.0,31,0,0
num_individuals_200,MoserSpindle.col,7,0.0023408308625221252,1.457998514175415,175.0,175.0,4,1.4728142738342285,175.0,31,0,0
num_individuals_200,MoserSpindle.col,8,0.002309828996658325,1.406003713607788,175.0,175.0,4,1.4728142738342285,175.0,31,0,0
num_individuals_200,MoserSpindle.col,9,0.003058202564716339,1.4429996013641357,175.0,175.0,4,1.4728142738342285,175.0,31,0,0
num_individuals_200,MoserSpindle.col,10,0.0024687275290489197,1.4225382804870605,175.0,175.0,4,1.4728142738342285,175.0,31,0,0
