Experiment,Graph,Run,Avg Generation Time,Total Run Time,Final Fitness Value,Best Fitness Value,Avg Number of Colors Used,Average Total Time,Average Fitness,Stopping Generation,First 4 Color Generation,First Min Color Generation
crossover_prob_0.1,Octahedron.col,1,0.0013086870312690735,0.35500097274780273,200.0,200.0,3,0.34340729713439944,200.0,31,0,0
crossover_prob_0.1,Octahedron.col,2,0.001272931694984436,0.346036434173584,200.0,200.0,3,0.34340729713439944,200.0,31,0,0
crossover_prob_0.1,Octahedron.col,3,0.0013460061129401712,0.36696553230285645,200.0,200.0,3,0.34340729713439944,200.0,33,0,4
crossover_prob_0.1,Octahedron.col,4,0.0013666749000549316,0.34003233909606934,200.0,200.0,3,0.34340729713439944,200.0,31,0,0
crossover_prob_0.1,Octahedron.col,5,0.0013156086206436157,0.33214259147644043,200.0,200.0,3,0.34340729713439944,200.0,31,0,0
crossover_prob_0.1,Octahedron.col,6,0.0011117607355117798,0.3539998531341553,200.0,200.0,3,0.34340729713439944,200.0,31,0,0
crossover_prob_0.1,Octahedron.col,7,0.001125045120716095,0.33895015716552734,200.0,200.0,3,0.34340729713439944,200.0,31,0,0
crossover_prob_0.1,Octahedron.col,8,0.0014383941888809204,0.34194469451904297,200.0,200.0,3,0.34340729713439944,200.0,31,0,0
crossover_prob_0.1,Octahedron.col,9,0.0012198910117149353,0.3320002555847168,200.0,200.0,3,0.34340729713439944,200.0,31,0,0
crossover_prob_0.1,Octahedron.col,10,0.001431688666343689,0.32700014114379883,200.0,200.0,3,0.34340729713439944,200.0,31,0,0
