Experiment,Graph,Run,Avg Generation Time,Total Run Time,Final Fitness Value,Best Fitness Value,Avg Number of Colors Used,Average Total Time,Average Fitness,Stopping Generation,First 4 Color Generation,First Min Color Generation
crossover_prob_0.1,Wheel6Graph.col,1,0.0010329186916351318,0.3099973201751709,150.0,150.0,4,0.397662353515625,150.0,31,0,0
crossover_prob_0.1,Wheel6Graph.col,2,0.0010948777198791504,0.3399984836578369,150.0,150.0,4,0.397662353515625,150.0,31,0,0
crossover_prob_0.1,Wheel6Graph.col,3,0.0009608492255210876,0.3300485610961914,150.0,150.0,4,0.397662353515625,150.0,31,0,0
crossover_prob_0.1,Wheel6Graph.col,4,0.00096140056848526,0.3510861396789551,150.0,150.0,4,0.397662353515625,150.0,31,0,0
crossover_prob_0.1,Wheel6Graph.col,5,0.001026749610900879,0.3320136070251465,150.0,150.0,4,0.397662353515625,150.0,31,0,0
crossover_prob_0.1,Wheel6Graph.col,6,0.0010323524475097656,0.3319993019104004,150.0,150.0,4,0.397662353515625,150.0,31,0,0
crossover_prob_0.1,Wheel6Graph.col,7,0.0010623112320899963,0.3360428810119629,150.0,150.0,4,0.397662353515625,150.0,31,0,0
crossover_prob_0.1,Wheel6Graph.col,8,0.0010829716920852661,0.35901641845703125,150.0,150.0,4,0.397662353515625,150.0,31,0,0
crossover_prob_0.1,Wheel6Graph.col,9,0.002186119556427002,0.882418155670166,150.0,150.0,4,0.397662353515625,150.0,31,0,0
crossover_prob_0.1,Wheel6Graph.col,10,0.0012187361717224121,0.40400266647338867,150.0,150.0,4,0.397662353515625,150.0,31,0,0
