Experiment,Graph,Run,Avg Generation Time,Total Run Time,Final Fitness Value,Best Fitness Value,Avg Number of Colors Used,Average Total Time,Average Fitness,Stopping Generation,First 4 Color Generation,First Min Color Generation
crossover_prob_0.9,DurerGraph.col,1,0.002375386655330658,0.7698569297790527,200.0,200.0,6,0.7529824733734131,216.0,31,-1,0
crossover_prob_0.9,DurerGraph.col,2,0.001750744879245758,0.7218573093414307,240.0,240.0,5,0.7529824733734131,216.0,31,-1,1
crossover_prob_0.9,DurerGraph.col,3,0.0024609342217445374,0.7570507526397705,240.0,240.0,5,0.7529824733734131,216.0,31,-1,0
crossover_prob_0.9,DurerGraph.col,4,0.0023129135370254517,0.7637605667114258,200.0,200.0,6,0.7529824733734131,216.0,31,-1,0
crossover_prob_0.9,DurerGraph.col,5,0.002247817814350128,0.7463457584381104,200.0,200.0,6,0.7529824733734131,216.0,31,-1,0
crossover_prob_0.9,DurerGraph.col,6,0.002524271607398987,0.7399888038635254,200.0,200.0,6,0.7529824733734131,216.0,31,-1,0
crossover_prob_0.9,DurerGraph.col,7,0.0024625062942504883,0.7560007572174072,240.0,240.0,5,0.7529824733734131,216.0,31,-1,1
crossover_prob_0.9,DurerGraph.col,8,0.0022781938314437866,0.7609634399414062,240.0,240.0,5,0.7529824733734131,216.0,31,-1,2
crossover_prob_0.9,DurerGraph.col,9,0.0023757517337799072,0.759000301361084,200.0,200.0,6,0.7529824733734131,216.0,31,-1,0
crossover_prob_0.9,DurerGraph.col,10,0.0023756027221679688,0.755000114440918,200.0,200.0,6,0.7529824733734131,216.0,31,-1,0
