Experiment,Graph,Run,Avg Generation Time,Total Run Time,Final Fitness Value,Best Fitness Value,Avg Number of Colors Used,Average Total Time,Average Fitness,Stopping Generation,First 4 Color Generation,First Min Color Generation
mutation_prob_0.01,MoserSpindle.col,1,0.0016255974769592285,0.39799928665161133,175.0,175.0,4,0.4476907253265381,175.0,31,0,0
mutation_prob_0.01,MoserSpindle.col,2,0.001559436321258545,0.40200304985046387,175.0,175.0,4,0.4476907253265381,175.0,31,0,0
mutation_prob_0.01,MoserSpindle.col,3,0.001340918242931366,0.39099621772766113,175.0,175.0,4,0.4476907253265381,175.0,31,0,0
mutation_prob_0.01,MoserSpindle.col,4,0.0016251876950263977,0.39300060272216797,175.0,175.0,4,0.4476907253265381,175.0,31,0,0
mutation_prob_0.01,MoserSpindle.col,5,0.0012841597199440002,0.412001371383667,175.0,175.0,4,0.4476907253265381,175.0,31,0,0
mutation_prob_0.01,MoserSpindle.col,6,0.0023780539631843567,0.7139043807983398,175.0,175.0,4,0.4476907253265381,175.0,31,0,0
mutation_prob_0.01,MoserSpindle.col,7,0.002563461661338806,0.5649979114532471,175.0,175.0,4,0.4476907253265381,175.0,31,0,0
mutation_prob_0.01,MoserSpindle.col,8,0.0011258423328399658,0.40400147438049316,175.0,175.0,4,0.4476907253265381,175.0,31,0,0
mutation_prob_0.01,MoserSpindle.col,9,0.0015918165445327759,0.40400171279907227,175.0,175.0,4,0.4476907253265381,175.0,31,0,0
mutation_prob_0.01,MoserSpindle.col,10,0.0014044716954231262,0.3940012454986572,175.0,175.0,4,0.4476907253265381,175.0,31,0,0
