Experiment,Graph,Run,Avg Generation Time,Total Run Time,Final Fitness Value,Best Fitness Value,Avg Number of Colors Used,Average Total Time,Average Fitness,Stopping Generation,First 4 Color Generation,First Min Color Generation
num_individuals_150,FruchtGraph.col,1,0.0033451542258262634,1.5889613628387451,240.0,240.0,5,1.6739076137542725,232.0,31,-1,0
num_individuals_150,FruchtGraph.col,2,0.0036548450589179993,1.637974500656128,240.0,240.0,5,1.6739076137542725,232.0,31,-1,1
num_individuals_150,FruchtGraph.col,3,0.0030565932393074036,1.62406325340271,200.0,200.0,6,1.6739076137542725,232.0,31,-1,0
num_individuals_150,FruchtGraph.col,4,0.002865336835384369,1.6129958629608154,200.0,200.0,6,1.6739076137542725,232.0,31,-1,0
num_individuals_150,FruchtGraph.col,5,0.004092641174793243,2.1269350051879883,240.0,240.0,5,1.6739076137542725,232.0,31,-1,1
num_individuals_150,FruchtGraph.col,6,0.0031211599707603455,1.6380383968353271,240.0,240.0,5,1.6739076137542725,232.0,31,-1,0
num_individuals_150,FruchtGraph.col,7,0.0040016770362854,1.663635015487671,240.0,240.0,5,1.6739076137542725,232.0,31,-1,0
num_individuals_150,FruchtGraph.col,8,0.0032494664192199707,1.6431012153625488,240.0,240.0,5,1.6739076137542725,232.0,31,-1,0
num_individuals_150,FruchtGraph.col,9,0.0033721625804901123,1.6571855545043945,240.0,240.0,5,1.6739076137542725,232.0,31,-1,1
num_individuals_150,FruchtGraph.col,10,0.002772875130176544,1.5461859703063965,240.0,240.0,5,1.6739076137542725,232.0,31,-1,0
