Experiment,Graph,Run,Avg Generation Time,Total Run Time,Final Fitness Value,Best Fitness Value,Avg Number of Colors Used,Average Total Time,Average Fitness,Stopping Generation,First 4 Color Generation,First Min Color Generation
baseline,MoserSpindle.col,1,0.001314111053943634,0.41912031173706055,175.0,175.0,4,0.3825093984603882,175.0,31,0,0
baseline,MoserSpindle.col,2,0.0012738406658172607,0.39901256561279297,175.0,175.0,4,0.3825093984603882,175.0,31,0,0
baseline,MoserSpindle.col,3,0.0011205226182937622,0.37900686264038086,175.0,175.0,4,0.3825093984603882,175.0,31,0,0
baseline,MoserSpindle.col,4,0.001184210181236267,0.3659534454345703,175.0,175.0,4,0.3825093984603882,175.0,31,0,0
baseline,MoserSpindle.col,5,0.001460939645767212,0.36104846000671387,175.0,175.0,4,0.3825093984603882,175.0,31,0,0
baseline,MoserSpindle.col,6,0.0011524036526679993,0.351987361907959,175.0,175.0,4,0.3825093984603882,175.0,31,0,0
baseline,MoserSpindle.col,7,0.0013047009706497192,0.3979649543762207,175.0,175.0,4,0.3825093984603882,175.0,31,0,0
baseline,MoserSpindle.col,8,0.0011546388268470764,0.3739964962005615,175.0,175.0,4,0.3825093984603882,175.0,31,0,0
baseline,MoserSpindle.col,9,0.0015319064259529114,0.3969995975494385,175.0,175.0,4,0.3825093984603882,175.0,31,0,0
baseline,MoserSpindle.col,10,0.0015010088682174683,0.3800039291381836,175.0,175.0,4,0.3825093984603882,175.0,31,0,0
