Experiment,Graph,Run,Avg Generation Time,Total Run Time,Final Fitness Value,Best Fitness Value,Avg Number of Colors Used,Average Total Time,Average Fitness,Stopping Generation,First 4 Color Generation,First Min Color Generation
num_individuals_200,Wheel6Graph.col,1,0.0024699866771698,1.337998867034912,150.0,150.0,4,1.3229699611663819,150.0,31,0,0
num_individuals_200,Wheel6Graph.col,2,0.0022465065121650696,1.203050136566162,150.0,150.0,4,1.3229699611663819,150.0,31,0,0
num_individuals_200,Wheel6Graph.col,3,0.003034837543964386,1.7130861282348633,150.0,150.0,4,1.3229699611663819,150.0,31,0,0
num_individuals_200,Wheel6Graph.col,4,0.002372428774833679,1.3500113487243652,150.0,150.0,4,1.3229699611663819,150.0,31,0,0
num_individuals_200,Wheel6Graph.col,5,0.0023651719093322754,1.3008127212524414,150.0,150.0,4,1.3229699611663819,150.0,31,0,0
num_individuals_200,Wheel6Graph.col,6,0.002466931939125061,1.2580418586730957,150.0,150.0,4,1.3229699611663819,150.0,31,0,0
num_individuals_200,Wheel6Graph.col,7,0.0022443830966949463,1.230013370513916,150.0,150.0,4,1.3229699611663819,150.0,31,0,0
num_individuals_200,Wheel6Graph.col,8,0.002436414361000061,1.251896858215332,150.0,150.0,4,1.3229699611663819,150.0,31,0,0
num_individuals_200,Wheel6Graph.col,9,0.0022157058119773865,1.3068690299987793,150.0,150.0,4,1.3229699611663819,150.0,31,0,0
num_individuals_200,Wheel6Graph.col,10,0.002404831349849701,1.2779192924499512,150.0,150.0,4,1.3229699611663819,150.0,31,0,0
