Experiment,Graph,Run,Avg Generation Time,Total Run Time,Final Fitness Value,Best Fitness Value,Avg Number of Colors Used,Average Total Time,Average Fitness,Stopping Generation,First 4 Color Generation,First Min Color Generation
num_individuals_150,Wheel6Graph.col,1,0.0016881376504898071,0.7488574981689453,150.0,150.0,4,0.7652137756347657,150.0,31,0,0
num_individuals_150,Wheel6Graph.col,2,0.0027514994144439697,1.1991722583770752,150.0,150.0,4,0.7652137756347657,150.0,31,0,0
num_individuals_150,Wheel6Graph.col,3,0.001682974398136139,0.7539947032928467,150.0,150.0,4,0.7652137756347657,150.0,31,0,0
num_individuals_150,Wheel6Graph.col,4,0.0015893056988716125,0.7140161991119385,150.0,150.0,4,0.7652137756347657,150.0,31,0,0
num_individuals_150,Wheel6Graph.col,5,0.0016491562128067017,0.6550064086914062,150.0,150.0,4,0.7652137756347657,150.0,31,0,0
num_individuals_150,Wheel6Graph.col,6,0.0015882179141044617,0.7389938831329346,150.0,150.0,4,0.7652137756347657,150.0,31,0,0
num_individuals_150,Wheel6Graph.col,7,0.001593761146068573,0.716010570526123,150.0,150.0,4,0.7652137756347657,150.0,31,0,0
num_individuals_150,Wheel6Graph.col,8,0.0016528666019439697,0.739121675491333,150.0,150.0,4,0.7652137756347657,150.0,31,0,0
num_individuals_150,Wheel6Graph.col,9,0.001528419554233551,0.7339644432067871,150.0,150.0,4,0.7652137756347657,150.0,31,0,0
num_individuals_150,Wheel6Graph.col,10,0.0015245825052261353,0.6530001163482666,150.0,150.0,4,0.7652137756347657,150.0,31,0,0
