Experiment,Graph,Run,Avg Generation Time,Total Run Time,Final Fitness Value,Best Fitness Value,Avg Number of Colors Used,Average Total Time,Average Fitness,Stopping Generation,First 4 Color Generation,First Min Color Generation
num_individuals_50,Wheel6Graph.col,1,0.0006523877382278442,0.09103679656982422,150.0,150.0,4,0.09171876907348633,150.0,31,0,0
num_individuals_50,Wheel6Graph.col,2,0.0005590915679931641,0.09496164321899414,150.0,150.0,4,0.09171876907348633,150.0,31,0,0
num_individuals_50,Wheel6Graph.col,3,0.0004968270659446716,0.08900260925292969,150.0,150.0,4,0.09171876907348633,150.0,31,0,0
num_individuals_50,Wheel6Graph.col,4,0.0005148947238922119,0.08417510986328125,150.0,150.0,4,0.09171876907348633,150.0,31,0,0
num_individuals_50,Wheel6Graph.col,5,0.0005597099661827087,0.09299993515014648,150.0,150.0,4,0.09171876907348633,150.0,31,0,0
num_individuals_50,Wheel6Graph.col,6,0.0006227642297744751,0.09499883651733398,150.0,150.0,4,0.09171876907348633,150.0,31,0,0
num_individuals_50,Wheel6Graph.col,7,0.00043652206659317017,0.08802032470703125,150.0,150.0,4,0.09171876907348633,150.0,31,0,0
num_individuals_50,Wheel6Graph.col,8,0.000688403844833374,0.09394526481628418,150.0,150.0,4,0.09171876907348633,150.0,31,0,0
num_individuals_50,Wheel6Graph.col,9,0.00040596723556518555,0.09103727340698242,150.0,150.0,4,0.09171876907348633,150.0,31,0,0
num_individuals_50,Wheel6Graph.col,10,0.0006249994039535522,0.09700989723205566,150.0,150.0,4,0.09171876907348633,150.0,31,0,0
