Experiment,Graph,Run,Avg Generation Time,Total Run Time,Final Fitness Value,Best Fitness Value,Avg Number of Colors Used,Average Total Time,Average Fitness,Stopping Generation,First 4 Color Generation,First Min Color Generation
mutation_prob_0.001,Complete_Bipartite.col,1,0.0016561150550842285,0.401716947555542,200.0,200.0,3,0.3905888319015503,280.0,31,0,0
mutation_prob_0.001,Complete_Bipartite.col,2,0.0015314072370529175,0.3831140995025635,300.0,300.0,2,0.3905888319015503,280.0,31,0,0
mutation_prob_0.001,Complete_Bipartite.col,3,0.0015946179628372192,0.37700390815734863,300.0,300.0,2,0.3905888319015503,280.0,31,0,0
mutation_prob_0.001,Complete_Bipartite.col,4,0.0010489983992143111,0.37461423873901367,300.0,300.0,2,0.3905888319015503,280.0,32,0,3
mutation_prob_0.001,Complete_Bipartite.col,5,0.0016249865293502808,0.3930342197418213,300.0,300.0,2,0.3905888319015503,280.0,31,0,0
mutation_prob_0.001,Complete_Bipartite.col,6,0.002499327063560486,0.4981100559234619,300.0,300.0,2,0.3905888319015503,280.0,31,0,0
mutation_prob_0.001,Complete_Bipartite.col,7,0.0016566663980484009,0.3810000419616699,300.0,300.0,2,0.3905888319015503,280.0,31,0,0
mutation_prob_0.001,Complete_Bipartite.col,8,0.0011259019374847412,0.34229516983032227,200.0,200.0,3,0.3905888319015503,280.0,31,0,0
mutation_prob_0.001,Complete_Bipartite.col,9,0.0011703831808907645,0.39903807640075684,300.0,300.0,2,0.3905888319015503,280.0,34,0,5
mutation_prob_0.001,Complete_Bipartite.col,10,0.0016221702098846436,0.35596156120300293,300.0,300.0,2,0.3905888319015503,280.0,31,0,0
