Experiment,Graph,Run,Avg Generation Time,Total Run Time,Final Fitness Value,Best Fitness Value,Avg Number of Colors Used,Average Total Time,Average Fitness,Stopping Generation,First 4 Color Generation,First Min Color Generation
crossover_prob_0.9,OuterplanarGraph.col,1,0.0022125542163848877,0.7139949798583984,183.33333333333334,183.33333333333334,6,0.6953598260879517,209.0,31,-1,0
crossover_prob_0.9,OuterplanarGraph.col,2,0.0025299638509750366,0.6820075511932373,220.0,220.0,5,0.6953598260879517,209.0,31,-1,0
crossover_prob_0.9,OuterplanarGraph.col,3,0.0021224841475486755,0.6980030536651611,220.0,220.0,5,0.6953598260879517,209.0,31,-1,0
crossover_prob_0.9,OuterplanarGraph.col,4,0.0019980669021606445,0.7090456485748291,183.33333333333334,183.33333333333334,6,0.6953598260879517,209.0,31,-1,0
crossover_prob_0.9,OuterplanarGraph.col,5,0.0024171173572540283,0.6775016784667969,220.0,220.0,5,0.6953598260879517,209.0,31,-1,0
crossover_prob_0.9,OuterplanarGraph.col,6,0.002085871994495392,0.7030112743377686,220.0,220.0,5,0.6953598260879517,209.0,31,-1,0
crossover_prob_0.9,OuterplanarGraph.col,7,0.0021509602665901184,0.7009947299957275,220.0,220.0,5,0.6953598260879517,209.0,31,-1,0
crossover_prob_0.9,OuterplanarGraph.col,8,0.002088584005832672,0.6800270080566406,183.33333333333334,183.33333333333334,6,0.6953598260879517,209.0,31,-1,0
crossover_prob_0.9,OuterplanarGraph.col,9,0.0024066120386123657,0.6939654350280762,220.0,220.0,5,0.6953598260879517,209.0,31,-1,0
crossover_prob_0.9,OuterplanarGraph.col,10,0.002185612916946411,0.6950469017028809,220.0,220.0,5,0.6953598260879517,209.0,31,-1,0
