Experiment,Graph,Run,Avg Generation Time,Total Run Time,Final Fitness Value,Best Fitness Value,Avg Number of Colors Used,Average Total Time,Average Fitness,Stopping Generation,First 4 Color Generation,First Min Color Generation
mutation_prob_0.1,DurerGraph.col,1,0.0021523013710975647,0.7440814971923828,240.0,240.0,5,0.7996288776397705,208.0,31,-1,2
mutation_prob_0.1,DurerGraph.col,2,0.003652527928352356,1.2390356063842773,240.0,240.0,5,0.7996288776397705,208.0,31,-1,0
mutation_prob_0.1,DurerGraph.col,3,0.002582959830760956,0.7859981060028076,200.0,200.0,6,0.7996288776397705,208.0,31,-1,0
mutation_prob_0.1,DurerGraph.col,4,0.0024577677249908447,0.7591526508331299,200.0,200.0,6,0.7996288776397705,208.0,31,-1,0
mutation_prob_0.1,DurerGraph.col,5,0.0023071467876434326,0.759068489074707,200.0,200.0,6,0.7996288776397705,208.0,31,-1,0
mutation_prob_0.1,DurerGraph.col,6,0.001993700861930847,0.7260079383850098,200.0,200.0,6,0.7996288776397705,208.0,31,-1,0
mutation_prob_0.1,DurerGraph.col,7,0.0024360641837120056,0.7371196746826172,200.0,200.0,6,0.7996288776397705,208.0,31,-1,0
mutation_prob_0.1,DurerGraph.col,8,0.0023051202297210693,0.7398941516876221,200.0,200.0,6,0.7996288776397705,208.0,31,-1,0
mutation_prob_0.1,DurerGraph.col,9,0.0023058950901031494,0.7440016269683838,200.0,200.0,6,0.7996288776397705,208.0,31,-1,0
mutation_prob_0.1,DurerGraph.col,10,0.0024902522563934326,0.7619290351867676,200.0,200.0,6,0.7996288776397705,208.0,31,-1,0
