Experiment,Graph,Run,Avg Generation Time,Total Run Time,Final Fitness Value,Best Fitness Value,Avg Number of Colors Used,Average Total Time,Average Fitness,Stopping Generation,First 4 Color Generation,First Min Color Generation
crossover_prob_0.95,DurerGraph.col,1,0.0025907978415489197,0.7632253170013428,200.0,200.0,6,0.7525263786315918,214.0,31,-1,0
crossover_prob_0.95,DurerGraph.col,2,0.002116195857524872,0.7500526905059814,200.0,200.0,6,0.7525263786315918,214.0,31,-1,0
crossover_prob_0.95,DurerGraph.col,3,0.002310916781425476,0.746009111404419,200.0,200.0,6,0.7525263786315918,214.0,31,-1,0
crossover_prob_0.95,DurerGraph.col,4,0.0022423043847084045,0.7519760131835938,200.0,200.0,6,0.7525263786315918,214.0,31,-1,0
crossover_prob_0.95,DurerGraph.col,5,0.0024968162178993225,0.7590925693511963,200.0,200.0,6,0.7525263786315918,214.0,31,-1,0
crossover_prob_0.95,DurerGraph.col,6,0.0023707300424575806,0.7379500865936279,200.0,200.0,6,0.7525263786315918,214.0,31,-1,0
crossover_prob_0.95,DurerGraph.col,7,0.0023126453161239624,0.7548556327819824,200.0,200.0,6,0.7525263786315918,214.0,31,-1,0
crossover_prob_0.95,DurerGraph.col,8,0.002375185489654541,0.7163393497467041,200.0,200.0,6,0.7525263786315918,214.0,31,-1,0
crossover_prob_0.95,DurerGraph.col,9,0.002719186246395111,0.7655074596405029,240.0,240.0,5,0.7525263786315918,214.0,31,-1,0
crossover_prob_0.95,DurerGraph.col,10,0.0021182158414055317,0.7802555561065674,300.0,300.0,4,0.7525263786315918,214.0,33,4,4
