Experiment,Graph,Run,Avg Generation Time,Total Run Time,Final Fitness Value,Best Fitness Value,Avg Number of Colors Used,Average Total Time,Average Fitness,Stopping Generation,First 4 Color Generation,First Min Color Generation
num_individuals_200,OuterplanarGraph.col,1,0.004934594035148621,3.210271120071411,183.33333333333334,183.33333333333334,6,2.6532938480377197,212.66666666666669,31,-1,0
num_individuals_200,OuterplanarGraph.col,2,0.004059523344039917,2.5234763622283936,220.0,220.0,5,2.6532938480377197,212.66666666666669,31,-1,0
num_individuals_200,OuterplanarGraph.col,3,0.004561260342597961,2.603018045425415,220.0,220.0,5,2.6532938480377197,212.66666666666669,31,-1,0
num_individuals_200,OuterplanarGraph.col,4,0.00397084653377533,2.5799825191497803,220.0,220.0,5,2.6532938480377197,212.66666666666669,31,-1,1
num_individuals_200,OuterplanarGraph.col,5,0.004827882304336085,2.7492668628692627,220.0,220.0,5,2.6532938480377197,212.66666666666669,32,-1,3
num_individuals_200,OuterplanarGraph.col,6,0.00428348034620285,2.648937702178955,220.0,220.0,5,2.6532938480377197,212.66666666666669,31,-1,0
num_individuals_200,OuterplanarGraph.col,7,0.004559718072414398,2.444185256958008,220.0,220.0,5,2.6532938480377197,212.66666666666669,31,-1,0
num_individuals_200,OuterplanarGraph.col,8,0.0045944079756736755,2.651195764541626,183.33333333333334,183.33333333333334,6,2.6532938480377197,212.66666666666669,31,-1,0
num_individuals_200,OuterplanarGraph.col,9,0.0043755993247032166,2.599909543991089,220.0,220.0,5,2.6532938480377197,212.66666666666669,31,-1,1
num_individuals_200,OuterplanarGraph.col,10,0.004766970872879028,2.522695302963257,220.0,220.0,5,2.6532938480377197,212.66666666666669,31,-1,0
