Experiment,Graph,Run,Avg Generation Time,Total Run Time,Final Fitness Value,Best Fitness Value,Avg Number of Colors Used,Average Total Time,Average Fitness,Stopping Generation,First 4 Color Generation,First Min Color Generation
num_individuals_150,MoserSpindle.col,1,0.0018722936511039734,0.832082986831665,175.0,175.0,4,0.8754030466079712,175.0,31,0,0
num_individuals_150,MoserSpindle.col,2,0.0033451691269874573,1.253223180770874,175.0,175.0,4,0.8754030466079712,175.0,31,0,0
num_individuals_150,MoserSpindle.col,3,0.0020320266485214233,0.8997690677642822,175.0,175.0,4,0.8754030466079712,175.0,31,0,0
num_individuals_150,MoserSpindle.col,4,0.0017477869987487793,0.7909054756164551,175.0,175.0,4,0.8754030466079712,175.0,31,0,0
num_individuals_150,MoserSpindle.col,5,0.0017193704843521118,0.855048418045044,175.0,175.0,4,0.8754030466079712,175.0,31,0,0
num_individuals_150,MoserSpindle.col,6,0.0017785876989364624,0.8309178352355957,175.0,175.0,4,0.8754030466079712,175.0,31,0,0
num_individuals_150,MoserSpindle.col,7,0.002025023102760315,0.7791910171508789,175.0,175.0,4,0.8754030466079712,175.0,31,0,0
num_individuals_150,MoserSpindle.col,8,0.0019640401005744934,0.8349382877349854,175.0,175.0,4,0.8754030466079712,175.0,31,0,0
num_individuals_150,MoserSpindle.col,9,0.0017171353101730347,0.8269529342651367,175.0,175.0,4,0.8754030466079712,175.0,31,0,0
num_individuals_150,MoserSpindle.col,10,0.002120658755302429,0.8510012626647949,175.0,175.0,4,0.8754030466079712,175.0,31,0,0
