Experiment,Graph,Run,Avg Generation Time,Total Run Time,Final Fitness Value,Best Fitness Value,Avg Number of Colors Used,Average Total Time,Average Fitness,Stopping Generation,First 4 Color Generation,First Min Color Generation
mutation_prob_0.01,FruchtGraph.col,1,0.0027762576937675476,0.7799530029296875,200.0,200.0,6,0.774009108543396,216.0,31,-1,0
mutation_prob_0.01,FruchtGraph.col,2,0.0021878480911254883,0.743584156036377,240.0,240.0,5,0.774009108543396,216.0,31,-1,0
mutation_prob_0.01,FruchtGraph.col,3,0.0018674060702323914,0.742990255355835,240.0,240.0,5,0.774009108543396,216.0,31,-1,0
mutation_prob_0.01,FruchtGraph.col,4,0.0027425363659858704,0.7749922275543213,240.0,240.0,5,0.774009108543396,216.0,31,-1,1
mutation_prob_0.01,FruchtGraph.col,5,0.0020238012075424194,0.6920013427734375,200.0,200.0,6,0.774009108543396,216.0,31,-1,1
mutation_prob_0.01,FruchtGraph.col,6,0.002855263650417328,0.789057731628418,200.0,200.0,6,0.774009108543396,216.0,31,-1,0
mutation_prob_0.01,FruchtGraph.col,7,0.0025589466094970703,0.763209342956543,200.0,200.0,6,0.774009108543396,216.0,31,-1,0
mutation_prob_0.01,FruchtGraph.col,8,0.0027449876070022583,0.7742791175842285,200.0,200.0,6,0.774009108543396,216.0,31,-1,0
mutation_prob_0.01,FruchtGraph.col,9,0.0025582388043403625,0.7889959812164307,200.0,200.0,6,0.774009108543396,216.0,31,-1,0
mutation_prob_0.01,FruchtGraph.col,10,0.001450654787895007,0.8910279273986816,240.0,240.0,5,0.774009108543396,216.0,38,-1,1
