Experiment,Graph,Run,Avg Generation Time,Total Run Time,Final Fitness Value,Best Fitness Value,Avg Number of Colors Used,Average Total Time,Average Fitness,Stopping Generation,First 4 Color Generation,First Min Color Generation
crossover_prob_0.95,Wheel6Graph.col,1,0.0011559128761291504,0.3449978828430176,150.0,150.0,4,0.34298367500305177,150.0,31,0,0
crossover_prob_0.95,Wheel6Graph.col,2,0.0010634660720825195,0.312000036239624,150.0,150.0,4,0.34298367500305177,150.0,31,0,0
crossover_prob_0.95,Wheel6Graph.col,3,0.0010014697909355164,0.34600377082824707,150.0,150.0,4,0.34298367500305177,150.0,31,0,0
crossover_prob_0.95,Wheel6Graph.col,4,0.0011579692363739014,0.34296202659606934,150.0,150.0,4,0.34298367500305177,150.0,31,0,0
crossover_prob_0.95,Wheel6Graph.col,5,0.001189202070236206,0.3648245334625244,150.0,150.0,4,0.34298367500305177,150.0,31,0,0
crossover_prob_0.95,Wheel6Graph.col,6,0.0011564865708351135,0.3560028076171875,150.0,150.0,4,0.34298367500305177,150.0,31,0,0
crossover_prob_0.95,Wheel6Graph.col,7,0.0010638982057571411,0.321000337600708,150.0,150.0,4,0.34298367500305177,150.0,31,0,0
crossover_prob_0.95,Wheel6Graph.col,8,0.0010328441858291626,0.3346707820892334,150.0,150.0,4,0.34298367500305177,150.0,31,0,0
crossover_prob_0.95,Wheel6Graph.col,9,0.0011438354849815369,0.3526153564453125,150.0,150.0,4,0.34298367500305177,150.0,31,0,0
crossover_prob_0.95,Wheel6Graph.col,10,0.0010932013392448425,0.35475921630859375,150.0,150.0,4,0.34298367500305177,150.0,31,0,0
