Experiment,Graph,Run,Avg Generation Time,Total Run Time,Final Fitness Value,Best Fitness Value,Avg Number of Colors Used,Average Total Time,Average Fitness,Stopping Generation,First 4 Color Generation,First Min Color Generation
crossover_prob_0.6,Wheel6Graph.col,1,0.0011849850416183472,0.33496689796447754,150.0,150.0,4,0.33708558082580564,150.0,31,0,0
crossover_prob_0.6,Wheel6Graph.col,2,0.0010559335350990295,0.34398770332336426,150.0,150.0,4,0.33708558082580564,150.0,31,0,0
crossover_prob_0.6,Wheel6Graph.col,3,0.0010218545794487,0.31701159477233887,150.0,150.0,4,0.33708558082580564,150.0,31,0,0
crossover_prob_0.6,Wheel6Graph.col,4,0.001092761754989624,0.36895251274108887,150.0,150.0,4,0.33708558082580564,150.0,31,0,0
crossover_prob_0.6,Wheel6Graph.col,5,0.0010864660143852234,0.3419976234436035,150.0,150.0,4,0.33708558082580564,150.0,31,0,0
crossover_prob_0.6,Wheel6Graph.col,6,0.0011220499873161316,0.33888983726501465,150.0,150.0,4,0.33708558082580564,150.0,31,0,0
crossover_prob_0.6,Wheel6Graph.col,7,0.0010320916771888733,0.33899903297424316,150.0,150.0,4,0.33708558082580564,150.0,31,0,0
crossover_prob_0.6,Wheel6Graph.col,8,0.001000531017780304,0.3413534164428711,150.0,150.0,4,0.33708558082580564,150.0,31,0,0
crossover_prob_0.6,Wheel6Graph.col,9,0.0009956732392311096,0.3079662322998047,150.0,150.0,4,0.33708558082580564,150.0,31,0,0
crossover_prob_0.6,Wheel6Graph.col,10,0.0009645074605941772,0.33673095703125,150.0,150.0,4,0.33708558082580564,150.0,31,0,0
