Experiment,Graph,Run,Avg Generation Time,Total Run Time,Final Fitness Value,Best Fitness Value,Avg Number of Colors Used,Average Total Time,Average Fitness,Stopping Generation,First 4 Color Generation,First Min Color Generation
num_individuals_200,Complete_Bipartite.col,1,0.0023736804723739624,1.3143303394317627,300.0,300.0,2,1.0875758886337281,300.0,31,0,1
num_individuals_200,Complete_Bipartite.col,2,0.002872265875339508,1.317786693572998,300.0,300.0,2,1.0875758886337281,300.0,31,0,1
num_individuals_200,Complete_Bipartite.col,3,0.0025280937552452087,0.8112008571624756,300.0,300.0,2,1.0875758886337281,300.0,31,0,1
num_individuals_200,Complete_Bipartite.col,4,0.0026244446635246277,1.2510833740234375,300.0,300.0,2,1.0875758886337281,300.0,31,0,1
num_individuals_200,Complete_Bipartite.col,5,0.0024620741605758667,0.8980014324188232,300.0,300.0,2,1.0875758886337281,300.0,31,0,0
num_individuals_200,Complete_Bipartite.col,6,0.0026208385825157166,1.0249123573303223,300.0,300.0,2,1.0875758886337281,300.0,31,0,0
num_individuals_200,Complete_Bipartite.col,7,0.0026558563113212585,0.9090437889099121,300.0,300.0,2,1.0875758886337281,300.0,31,0,1
num_individuals_200,Complete_Bipartite.col,8,0.0022791847586631775,0.9144058227539062,300.0,300.0,2,1.0875758886337281,300.0,31,0,1
num_individuals_200,Complete_Bipartite.col,9,0.0028109848499298096,1.2190120220184326,300.0,300.0,2,1.0875758886337281,300.0,31,0,0
num_individuals_200,Complete_Bipartite.col,10,0.0024945586919784546,1.21598219871521,300.0,300.0,2,1.0875758886337281,300.0,31,0,0
