Experiment,Graph,Run,Avg Generation Time,Total Run Time,Final Fitness Value,Best Fitness Value,Avg Number of Colors Used,Average Total Time,Average Fitness,Stopping Generation,First 4 Color Generation,First Min Color Generation
mutation_prob_0.1,FruchtGraph.col,1,0.0022778883576393127,0.7718493938446045,240.0,240.0,5,0.802689528465271,212.0,31,-1,0
mutation_prob_0.1,FruchtGraph.col,2,0.002155318856239319,0.7501356601715088,200.0,200.0,6,0.802689528465271,212.0,31,-1,0
mutation_prob_0.1,FruchtGraph.col,3,0.004279859364032745,1.2629649639129639,200.0,200.0,6,0.802689528465271,212.0,31,-1,0
mutation_prob_0.1,FruchtGraph.col,4,0.002566136419773102,0.7629537582397461,200.0,200.0,6,0.802689528465271,212.0,31,-1,0
mutation_prob_0.1,FruchtGraph.col,5,0.002531588077545166,0.7569587230682373,240.0,240.0,5,0.802689528465271,212.0,31,-1,1
mutation_prob_0.1,FruchtGraph.col,6,0.002341330051422119,0.7470040321350098,200.0,200.0,6,0.802689528465271,212.0,31,-1,0
mutation_prob_0.1,FruchtGraph.col,7,0.002086944878101349,0.7519981861114502,200.0,200.0,6,0.802689528465271,212.0,31,-1,0
mutation_prob_0.1,FruchtGraph.col,8,0.002210654318332672,0.7429945468902588,240.0,240.0,5,0.802689528465271,212.0,31,-1,0
mutation_prob_0.1,FruchtGraph.col,9,0.0022499188780784607,0.7489993572235107,200.0,200.0,6,0.802689528465271,212.0,31,-1,0
mutation_prob_0.1,FruchtGraph.col,10,0.0022485554218292236,0.7310366630554199,200.0,200.0,6,0.802689528465271,212.0,31,-1,0
