Experiment,Graph,Run,Avg Generation Time,Total Run Time,Final Fitness Value,Best Fitness Value,Avg Number of Colors Used,Average Total Time,Average Fitness,Stopping Generation,First 4 Color Generation,First Min Color Generation
mutation_prob_0.01,DurerGraph.col,1,0.002121083438396454,0.7360944747924805,240.0,240.0,5,0.745182466506958,222.0,31,-1,2
mutation_prob_0.01,DurerGraph.col,2,0.0021848976612091064,0.7398805618286133,200.0,200.0,6,0.745182466506958,222.0,31,-1,0
mutation_prob_0.01,DurerGraph.col,3,0.0015879645943641663,0.7350575923919678,240.0,240.0,5,0.745182466506958,222.0,31,-1,1
mutation_prob_0.01,DurerGraph.col,4,0.0023110806941986084,0.757976770401001,200.0,200.0,6,0.745182466506958,222.0,31,-1,0
mutation_prob_0.01,DurerGraph.col,5,0.0020550787448883057,0.7480015754699707,300.0,300.0,4,0.745182466506958,222.0,31,0,0
mutation_prob_0.01,DurerGraph.col,6,0.002372458577156067,0.7395782470703125,200.0,200.0,6,0.745182466506958,222.0,31,-1,0
mutation_prob_0.01,DurerGraph.col,7,0.0023096203804016113,0.7300364971160889,240.0,240.0,5,0.745182466506958,222.0,31,-1,0
mutation_prob_0.01,DurerGraph.col,8,0.002589583396911621,0.7682123184204102,200.0,200.0,6,0.745182466506958,222.0,31,-1,0
mutation_prob_0.01,DurerGraph.col,9,0.002276688814163208,0.7479860782623291,200.0,200.0,6,0.745182466506958,222.0,31,-1,0
mutation_prob_0.01,DurerGraph.col,10,0.002339683473110199,0.7490005493164062,200.0,200.0,6,0.745182466506958,222.0,31,-1,0
