Experiment,Graph,Run,Avg Generation Time,Total Run Time,Final Fitness Value,Best Fitness Value,Avg Number of Colors Used,Average Total Time,Average Fitness,Stopping Generation,First 4 Color Generation,First Min Color Generation
num_individuals_150,Octahedron.col,1,0.0021879151463508606,0.7799248695373535,200.0,200.0,3,0.7899559736251831,200.0,31,0,0
num_individuals_150,Octahedron.col,2,0.0019380226731300354,0.7670328617095947,200.0,200.0,3,0.7899559736251831,200.0,31,0,0
num_individuals_150,Octahedron.col,3,0.0019688233733177185,0.7459867000579834,200.0,200.0,3,0.7899559736251831,200.0,31,0,0
num_individuals_150,Octahedron.col,4,0.001963295042514801,0.7330374717712402,200.0,200.0,3,0.7899559736251831,200.0,31,0,0
num_individuals_150,Octahedron.col,5,0.0018361136317253113,0.7189431190490723,200.0,200.0,3,0.7899559736251831,200.0,31,0,0
num_individuals_150,Octahedron.col,6,0.0021506398916244507,0.7423491477966309,200.0,200.0,3,0.7899559736251831,200.0,31,0,0
num_individuals_150,Octahedron.col,7,0.002029240131378174,0.7380132675170898,200.0,200.0,3,0.7899559736251831,200.0,31,0,0
num_individuals_150,Octahedron.col,8,0.0020003095269203186,0.7590034008026123,200.0,200.0,3,0.7899559736251831,200.0,31,0,0
num_individuals_150,Octahedron.col,9,0.0020919665694236755,0.8013062477111816,200.0,200.0,3,0.7899559736251831,200.0,31,0,0
num_individuals_150,Octahedron.col,10,0.003214307129383087,1.1139626502990723,200.0,200.0,3,0.7899559736251831,200.0,31,0,0
