Experiment,Graph,Run,Avg Generation Time,Total Run Time,Final Fitness Value,Best Fitness Value,Avg Number of Colors Used,Average Total Time,Average Fitness,Stopping Generation,First 4 Color Generation,First Min Color Generation
crossover_prob_0.1,FruchtGraph.col,1,0.0023642670024525037,0.7479958534240723,240.0,240.0,5,0.8111036062240601,216.0,32,-1,3
crossover_prob_0.1,FruchtGraph.col,2,0.00221841037273407,0.7609953880310059,200.0,200.0,6,0.8111036062240601,216.0,31,-1,0
crossover_prob_0.1,FruchtGraph.col,3,0.0032480284571647644,1.203963279724121,200.0,200.0,6,0.8111036062240601,216.0,31,-1,0
crossover_prob_0.1,FruchtGraph.col,4,0.0021849945187568665,0.7600793838500977,200.0,200.0,6,0.8111036062240601,216.0,31,-1,0
crossover_prob_0.1,FruchtGraph.col,5,0.0024632513523101807,0.7600014209747314,200.0,200.0,6,0.8111036062240601,216.0,31,-1,0
crossover_prob_0.1,FruchtGraph.col,6,0.0026179999113082886,0.7319533824920654,200.0,200.0,6,0.8111036062240601,216.0,31,-1,0
crossover_prob_0.1,FruchtGraph.col,7,0.0021214774160674124,0.7619972229003906,240.0,240.0,5,0.8111036062240601,216.0,32,-1,3
crossover_prob_0.1,FruchtGraph.col,8,0.002094574272632599,0.7450027465820312,200.0,200.0,6,0.8111036062240601,216.0,31,-1,0
crossover_prob_0.1,FruchtGraph.col,9,0.001838993381809544,0.8480017185211182,240.0,240.0,5,0.8111036062240601,216.0,36,-1,7
crossover_prob_0.1,FruchtGraph.col,10,0.002118545420029584,0.7910456657409668,240.0,240.0,5,0.8111036062240601,216.0,33,-1,4
