Experiment,Graph,Run,Avg Generation Time,Total Run Time,Final Fitness Value,Best Fitness Value,Avg Number of Colors Used,Average Total Time,Average Fitness,Stopping Generation,First 4 Color Generation,First Min Color Generation
num_individuals_200,Triangle.col,1,0.0017799288034439087,0.6280725002288818,100.0,100.0,3,0.6433083772659302,100.0,31,0,0
num_individuals_200,Triangle.col,2,0.0017757192254066467,0.615001916885376,100.0,100.0,3,0.6433083772659302,100.0,31,0,0
num_individuals_200,Triangle.col,3,0.0017173662781715393,0.6350090503692627,100.0,100.0,3,0.6433083772659302,100.0,31,0,0
num_individuals_200,Triangle.col,4,0.0017467513680458069,0.6321604251861572,100.0,100.0,3,0.6433083772659302,100.0,31,0,0
num_individuals_200,Triangle.col,5,0.0016848891973495483,0.6358523368835449,100.0,100.0,3,0.6433083772659302,100.0,31,0,0
num_individuals_200,Triangle.col,6,0.0017818436026573181,0.6770000457763672,100.0,100.0,3,0.6433083772659302,100.0,31,0,0
num_individuals_200,Triangle.col,7,0.0019086748361587524,0.6790239810943604,100.0,100.0,3,0.6433083772659302,100.0,31,0,0
num_individuals_200,Triangle.col,8,0.001966699957847595,0.6359672546386719,100.0,100.0,3,0.6433083772659302,100.0,31,0,0
num_individuals_200,Triangle.col,9,0.002028830349445343,0.6460340023040771,100.0,100.0,3,0.6433083772659302,100.0,31,0,0
num_individuals_200,Triangle.col,10,0.0020569264888763428,0.6489622592926025,100.0,100.0,3,0.6433083772659302,100.0,31,0,0
