Experiment,Graph,Run,Avg Generation Time,Total Run Time,Final Fitness Value,Best Fitness Value,Avg Number of Colors Used,Average Total Time,Average Fitness,Stopping Generation,First 4 Color Generation,First Min Color Generation
num_individuals_150,OuterplanarGraph.col,1,0.0031523779034614563,1.5120019912719727,220.0,220.0,5,1.5683916091918946,218.16666666666669,31,-1,2
num_individuals_150,OuterplanarGraph.col,2,0.002998120857007576,1.510711669921875,220.0,220.0,5,1.5683916091918946,218.16666666666669,32,-1,1
num_individuals_150,OuterplanarGraph.col,3,0.0025941133499145508,1.5028996467590332,275.0,275.0,4,1.5683916091918946,218.16666666666669,31,0,0
num_individuals_150,OuterplanarGraph.col,4,0.003969021141529083,1.5529546737670898,183.33333333333334,183.33333333333334,6,1.5683916091918946,218.16666666666669,31,-1,0
num_individuals_150,OuterplanarGraph.col,5,0.0031472697402491713,1.4310405254364014,220.0,220.0,5,1.5683916091918946,218.16666666666669,32,-1,0
num_individuals_150,OuterplanarGraph.col,6,0.003619760274887085,1.5074081420898438,220.0,220.0,5,1.5683916091918946,218.16666666666669,31,-1,0
num_individuals_150,OuterplanarGraph.col,7,0.003682941198348999,1.545987606048584,183.33333333333334,183.33333333333334,6,1.5683916091918946,218.16666666666669,31,-1,0
num_individuals_150,OuterplanarGraph.col,8,0.00312090665102005,1.5099365711212158,220.0,220.0,5,1.5683916091918946,218.16666666666669,31,-1,0
num_individuals_150,OuterplanarGraph.col,9,0.004748038947582245,2.052980661392212,220.0,220.0,5,1.5683916091918946,218.16666666666669,31,-1,1
num_individuals_150,OuterplanarGraph.col,10,0.002881190356086282,1.5579946041107178,220.0,220.0,5,1.5683916091918946,218.16666666666669,33,-1,0
