Experiment,Graph,Run,Avg Generation Time,Total Run Time,Final Fitness Value,Best Fitness Value,Avg Number of Colors Used,Average Total Time,Average Fitness,Stopping Generation,First 4 Color Generation,First Min Color Generation
crossover_prob_0.95,Complete_Bipartite.col,1,0.0016856329781668527,0.4990053176879883,300.0,300.0,2,0.3417381286621094,270.0,34,0,5
crossover_prob_0.95,Complete_Bipartite.col,2,0.0014979392290115356,0.351001501083374,300.0,300.0,2,0.3417381286621094,270.0,31,0,0
crossover_prob_0.95,Complete_Bipartite.col,3,0.001181960105895996,0.30403566360473633,200.0,200.0,3,0.3417381286621094,270.0,31,0,0
crossover_prob_0.95,Complete_Bipartite.col,4,0.0011515545122551196,0.2720015048980713,300.0,300.0,2,0.3417381286621094,270.0,32,0,0
crossover_prob_0.95,Complete_Bipartite.col,5,0.001438342034816742,0.3409757614135742,300.0,300.0,2,0.3417381286621094,270.0,31,0,0
crossover_prob_0.95,Complete_Bipartite.col,6,0.0013746097683906555,0.34599876403808594,200.0,200.0,3,0.3417381286621094,270.0,31,0,0
crossover_prob_0.95,Complete_Bipartite.col,7,0.0012058466672897339,0.34999966621398926,300.0,300.0,2,0.3417381286621094,270.0,31,0,0
crossover_prob_0.95,Complete_Bipartite.col,8,0.0012054732351592093,0.3460886478424072,300.0,300.0,2,0.3417381286621094,270.0,32,0,3
crossover_prob_0.95,Complete_Bipartite.col,9,0.0013450533151626587,0.35022640228271484,200.0,200.0,3,0.3417381286621094,270.0,31,0,0
crossover_prob_0.95,Complete_Bipartite.col,10,0.001211211085319519,0.25804805755615234,300.0,300.0,2,0.3417381286621094,270.0,31,0,1
