Experiment,Graph,Run,Avg Generation Time,Total Run Time,Final Fitness Value,Best Fitness Value,Avg Number of Colors Used,Average Total Time,Average Fitness,Stopping Generation,First 4 Color Generation,First Min Color Generation
crossover_prob_0.6,FruchtGraph.col,1,0.002587631344795227,0.7430474758148193,200.0,200.0,6,0.7455897092819214,216.0,31,-1,0
crossover_prob_0.6,FruchtGraph.col,2,0.001934058964252472,0.7520012855529785,200.0,200.0,6,0.7455897092819214,216.0,31,-1,0
crossover_prob_0.6,FruchtGraph.col,3,0.0024980679154396057,0.7559995651245117,200.0,200.0,6,0.7455897092819214,216.0,31,-1,0
crossover_prob_0.6,FruchtGraph.col,4,0.0017701312899589539,0.7169551849365234,240.0,240.0,5,0.7455897092819214,216.0,31,-1,0
crossover_prob_0.6,FruchtGraph.col,5,0.0021216347813606262,0.7530472278594971,240.0,240.0,5,0.7455897092819214,216.0,31,-1,0
crossover_prob_0.6,FruchtGraph.col,6,0.002182789146900177,0.7459719181060791,200.0,200.0,6,0.7455897092819214,216.0,31,-1,0
crossover_prob_0.6,FruchtGraph.col,7,0.0022980719804763794,0.7476882934570312,200.0,200.0,6,0.7455897092819214,216.0,31,-1,0
crossover_prob_0.6,FruchtGraph.col,8,0.0021821707487106323,0.7279999256134033,200.0,200.0,6,0.7455897092819214,216.0,31,-1,1
crossover_prob_0.6,FruchtGraph.col,9,0.0026572570204734802,0.793236494064331,240.0,240.0,5,0.7455897092819214,216.0,31,-1,0
crossover_prob_0.6,FruchtGraph.col,10,0.001585260033607483,0.7199497222900391,240.0,240.0,5,0.7455897092819214,216.0,31,-1,2
