Experiment,Graph,Run,Avg Generation Time,Total Run Time,Final Fitness Value,Best Fitness Value,Avg Number of Colors Used,Average Total Time,Average Fitness,Stopping Generation,First 4 Color Generation,First Min Color Generation
crossover_prob_0.1,DurerGraph.col,1,0.0025608688592910767,0.769982099533081,200.0,200.0,6,0.8127070903778076,212.0,31,-1,0
crossover_prob_0.1,DurerGraph.col,2,0.004464924335479736,1.108048677444458,200.0,200.0,6,0.8127070903778076,212.0,31,-1,0
crossover_prob_0.1,DurerGraph.col,3,0.0025727476392473493,0.9881205558776855,240.0,240.0,5,0.8127070903778076,212.0,34,-1,5
crossover_prob_0.1,DurerGraph.col,4,0.0026448816061019897,0.7619976997375488,240.0,240.0,5,0.8127070903778076,212.0,31,-1,0
crossover_prob_0.1,DurerGraph.col,5,0.0020575672388076782,0.7460005283355713,240.0,240.0,5,0.8127070903778076,212.0,31,-1,2
crossover_prob_0.1,DurerGraph.col,6,0.0023735687136650085,0.7600464820861816,200.0,200.0,6,0.8127070903778076,212.0,31,-1,0
crossover_prob_0.1,DurerGraph.col,7,0.0021764039993286133,0.7678766250610352,200.0,200.0,6,0.8127070903778076,212.0,31,-1,0
crossover_prob_0.1,DurerGraph.col,8,0.0023756250739097595,0.761988639831543,200.0,200.0,6,0.8127070903778076,212.0,31,-1,0
crossover_prob_0.1,DurerGraph.col,9,0.002090632915496826,0.7310140132904053,200.0,200.0,6,0.8127070903778076,212.0,31,-1,0
crossover_prob_0.1,DurerGraph.col,10,0.0019896626472473145,0.7319955825805664,200.0,200.0,6,0.8127070903778076,212.0,31,-1,0
