Experiment,Graph,Run,Avg Generation Time,Total Run Time,Final Fitness Value,Best Fitness Value,Avg Number of Colors Used,Average Total Time,Average Fitness,Stopping Generation,First 4 Color Generation,First Min Color Generation
crossover_prob_0.9,MoserSpindle.col,1,0.0010864362120628357,0.36005401611328125,175.0,175.0,4,0.36871018409729006,175.0,31,0,0
crossover_prob_0.9,MoserSpindle.col,2,0.0011244714260101318,0.3518791198730469,175.0,175.0,4,0.36871018409729006,175.0,31,0,0
crossover_prob_0.9,MoserSpindle.col,3,0.0014384984970092773,0.3829994201660156,175.0,175.0,4,0.36871018409729006,175.0,31,0,0
crossover_prob_0.9,MoserSpindle.col,4,0.0013450458645820618,0.39499998092651367,175.0,175.0,4,0.36871018409729006,175.0,31,0,0
crossover_prob_0.9,MoserSpindle.col,5,0.0011272355914115906,0.3700530529022217,175.0,175.0,4,0.36871018409729006,175.0,31,0,0
crossover_prob_0.9,MoserSpindle.col,6,0.0012765899300575256,0.35808300971984863,175.0,175.0,4,0.36871018409729006,175.0,31,0,0
crossover_prob_0.9,MoserSpindle.col,7,0.0016194507479667664,0.3910222053527832,175.0,175.0,4,0.36871018409729006,175.0,31,0,0
crossover_prob_0.9,MoserSpindle.col,8,0.0009945109486579895,0.38100361824035645,175.0,175.0,4,0.36871018409729006,175.0,31,0,0
crossover_prob_0.9,MoserSpindle.col,9,0.0011173412203788757,0.33401036262512207,175.0,175.0,4,0.36871018409729006,175.0,31,0,0
crossover_prob_0.9,MoserSpindle.col,10,0.0011498108506202698,0.36299705505371094,175.0,175.0,4,0.36871018409729006,175.0,31,0,0
