Experiment,Graph,Run,Avg Generation Time,Total Run Time,Final Fitness Value,Best Fitness Value,Avg Number of Colors Used,Average Total Time,Average Fitness,Stopping Generation,First 4 Color Generation,First Min Color Generation
mutation_prob_0.1,Complete_Bipartite.col,1,0.0012037605047225952,0.3360474109649658,300.0,300.0,2,0.34805009365081785,250.0,31,0,0
mutation_prob_0.1,Complete_Bipartite.col,2,0.0013287141919136047,0.33617377281188965,200.0,200.0,3,0.34805009365081785,250.0,31,0,0
mutation_prob_0.1,Complete_Bipartite.col,3,0.0011812448501586914,0.3399834632873535,200.0,200.0,3,0.34805009365081785,250.0,31,0,0
mutation_prob_0.1,Complete_Bipartite.col,4,0.0009942352771759033,0.35004639625549316,300.0,300.0,2,0.34805009365081785,250.0,31,0,0
mutation_prob_0.1,Complete_Bipartite.col,5,0.001214340329170227,0.35220789909362793,300.0,300.0,2,0.34805009365081785,250.0,31,0,0
mutation_prob_0.1,Complete_Bipartite.col,6,0.0013079643249511719,0.33203554153442383,200.0,200.0,3,0.34805009365081785,250.0,31,0,0
mutation_prob_0.1,Complete_Bipartite.col,7,0.00140342116355896,0.3340129852294922,200.0,200.0,3,0.34805009365081785,250.0,31,0,0
mutation_prob_0.1,Complete_Bipartite.col,8,0.0014017671346664429,0.36695146560668945,200.0,200.0,3,0.34805009365081785,250.0,31,0,0
mutation_prob_0.1,Complete_Bipartite.col,9,0.0013191625475883484,0.35885119438171387,300.0,300.0,2,0.34805009365081785,250.0,31,0,0
mutation_prob_0.1,Complete_Bipartite.col,10,0.0012838636125837054,0.3741908073425293,300.0,300.0,2,0.34805009365081785,250.0,34,0,5
