Experiment,Graph,Run,Avg Generation Time,Total Run Time,Final Fitness Value,Best Fitness Value,Avg Number of Colors Used,Average Total Time,Average Fitness,Stopping Generation,First 4 Color Generation,First Min Color Generation
num_individuals_150,Complete_Bipartite.col,1,0.001781761646270752,0.72200608253479,300.0,300.0,2,0.8030473709106445,290.0,31,0,0
num_individuals_150,Complete_Bipartite.col,2,0.0031627044081687927,1.1788544654846191,300.0,300.0,2,0.8030473709106445,290.0,31,0,1
num_individuals_150,Complete_Bipartite.col,3,0.001968138145677971,0.9078259468078613,300.0,300.0,2,0.8030473709106445,290.0,32,0,3
num_individuals_150,Complete_Bipartite.col,4,0.0018083006143569946,0.7369997501373291,300.0,300.0,2,0.8030473709106445,290.0,31,0,0
num_individuals_150,Complete_Bipartite.col,5,0.002023756504058838,0.6830055713653564,200.0,200.0,3,0.8030473709106445,290.0,31,0,0
num_individuals_150,Complete_Bipartite.col,6,0.002184465527534485,0.7519826889038086,300.0,300.0,2,0.8030473709106445,290.0,31,0,0
num_individuals_150,Complete_Bipartite.col,7,0.0019112933765758169,0.7290005683898926,300.0,300.0,2,0.8030473709106445,290.0,32,0,0
num_individuals_150,Complete_Bipartite.col,8,0.0018266403313839073,0.751929521560669,300.0,300.0,2,0.8030473709106445,290.0,32,0,3
num_individuals_150,Complete_Bipartite.col,9,0.0020923181013627486,0.7470459938049316,300.0,300.0,2,0.8030473709106445,290.0,32,0,0
num_individuals_150,Complete_Bipartite.col,10,0.0018822942461286273,0.8218231201171875,300.0,300.0,2,0.8030473709106445,290.0,34,0,5
