Experiment,Graph,Run,Avg Generation Time,Total Run Time,Final Fitness Value,Best Fitness Value,Avg Number of Colors Used,Average Total Time,Average Fitness,Stopping Generation,First 4 Color Generation,First Min Color Generation
crossover_prob_0.1,Complete_Bipartite.col,1,0.0012123659253120422,0.33705592155456543,200.0,200.0,3,0.3308976173400879,270.0,31,0,0
crossover_prob_0.1,Complete_Bipartite.col,2,0.0011459216475486755,0.31499814987182617,200.0,200.0,3,0.3308976173400879,270.0,31,0,0
crossover_prob_0.1,Complete_Bipartite.col,3,0.001335732638835907,0.32200074195861816,300.0,300.0,2,0.3308976173400879,270.0,31,0,0
crossover_prob_0.1,Complete_Bipartite.col,4,0.0012721270322799683,0.3359684944152832,300.0,300.0,2,0.3308976173400879,270.0,31,0,0
crossover_prob_0.1,Complete_Bipartite.col,5,0.0011453330516815186,0.3180410861968994,300.0,300.0,2,0.3308976173400879,270.0,31,0,0
crossover_prob_0.1,Complete_Bipartite.col,6,0.0014320090413093567,0.3390018939971924,300.0,300.0,2,0.3308976173400879,270.0,31,0,0
crossover_prob_0.1,Complete_Bipartite.col,7,0.001306183636188507,0.32799863815307617,300.0,300.0,2,0.3308976173400879,270.0,31,0,0
crossover_prob_0.1,Complete_Bipartite.col,8,0.0011181686863754735,0.3449513912200928,300.0,300.0,2,0.3308976173400879,270.0,32,0,3
crossover_prob_0.1,Complete_Bipartite.col,9,0.0013987869024276733,0.3440365791320801,200.0,200.0,3,0.3308976173400879,270.0,31,0,0
crossover_prob_0.1,Complete_Bipartite.col,10,0.0012733563780784607,0.3249232769012451,300.0,300.0,2,0.3308976173400879,270.0,31,0,0
