Experiment,Graph,Run,Avg Generation Time,Total Run Time,Final Fitness Value,Best Fitness Value,Avg Number of Colors Used,Average Total Time,Average Fitness,Stopping Generation,First 4 Color Generation,First Min Color Generation
crossover_prob_0.9,Octahedron.col,1,0.001280166208744049,0.34999823570251465,200.0,200.0,3,0.3952087640762329,200.0,31,0,0
crossover_prob_0.9,Octahedron.col,2,0.001718766987323761,0.35996556282043457,200.0,200.0,3,0.3952087640762329,200.0,31,0,0
crossover_prob_0.9,Octahedron.col,3,0.002001747488975525,0.7011620998382568,200.0,200.0,3,0.3952087640762329,200.0,31,0,0
crossover_prob_0.9,Octahedron.col,4,0.0016261562705039978,0.4870316982269287,200.0,200.0,3,0.3952087640762329,200.0,31,0,0
crossover_prob_0.9,Octahedron.col,5,0.0010892599821090698,0.33301401138305664,200.0,200.0,3,0.3952087640762329,200.0,31,0,0
crossover_prob_0.9,Octahedron.col,6,0.0013356730341911316,0.3549838066101074,200.0,200.0,3,0.3952087640762329,200.0,31,0,0
crossover_prob_0.9,Octahedron.col,7,0.0014308243989944458,0.354961633682251,200.0,200.0,3,0.3952087640762329,200.0,31,0,0
crossover_prob_0.9,Octahedron.col,8,0.001211993396282196,0.3400382995605469,200.0,200.0,3,0.3952087640762329,200.0,31,0,0
crossover_prob_0.9,Octahedron.col,9,0.0015233084559440613,0.3549208641052246,200.0,200.0,3,0.3952087640762329,200.0,31,0,0
crossover_prob_0.9,Octahedron.col,10,0.001365862786769867,0.3160114288330078,200.0,200.0,3,0.3952087640762329,200.0,31,0,0
