Experiment,Graph,Run,Avg Generation Time,Total Run Time,Final Fitness Value,Best Fitness Value,Avg Number of Colors Used,Average Total Time,Average Fitness,Stopping Generation,First 4 Color Generation,First Min Color Generation
mutation_prob_0.03,FruchtGraph.col,1,0.002357974648475647,0.7521917819976807,200.0,200.0,6,0.8125272750854492,212.0,31,-1,0
mutation_prob_0.03,FruchtGraph.col,2,0.002153344452381134,0.7440130710601807,200.0,200.0,6,0.8125272750854492,212.0,31,-1,0
mutation_prob_0.03,FruchtGraph.col,3,0.0024031400680541992,0.7540116310119629,240.0,240.0,5,0.8125272750854492,212.0,31,-1,0
mutation_prob_0.03,FruchtGraph.col,4,0.0031255707144737244,1.2400133609771729,200.0,200.0,6,0.8125272750854492,212.0,31,-1,0
mutation_prob_0.03,FruchtGraph.col,5,0.002685755491256714,0.8257830142974854,240.0,240.0,5,0.8125272750854492,212.0,31,-1,1
mutation_prob_0.03,FruchtGraph.col,6,0.0019042342901229858,0.7332282066345215,200.0,200.0,6,0.8125272750854492,212.0,31,-1,0
mutation_prob_0.03,FruchtGraph.col,7,0.002468585968017578,0.763056755065918,200.0,200.0,6,0.8125272750854492,212.0,31,-1,0
mutation_prob_0.03,FruchtGraph.col,8,0.0028086230158805847,0.77301025390625,200.0,200.0,6,0.8125272750854492,212.0,31,-1,0
mutation_prob_0.03,FruchtGraph.col,9,0.002498641610145569,0.7770020961761475,200.0,200.0,6,0.8125272750854492,212.0,31,-1,0
mutation_prob_0.03,FruchtGraph.col,10,0.0022471994161605835,0.7629625797271729,240.0,240.0,5,0.8125272750854492,212.0,31,-1,0
