Experiment,Graph,Run,Avg Generation Time,Total Run Time,Final Fitness Value,Best Fitness Value,Avg Number of Colors Used,Average Total Time,Average Fitness,Stopping Generation,First 4 Color Generation,First Min Color Generation
mutation_prob_0.1,MoserSpindle.col,1,0.001154385507106781,0.36814117431640625,175.0,175.0,4,0.38541374206542967,175.0,31,0,0
mutation_prob_0.1,MoserSpindle.col,2,0.0011572986841201782,0.3928682804107666,175.0,175.0,4,0.38541374206542967,175.0,31,0,0
mutation_prob_0.1,MoserSpindle.col,3,0.001345120370388031,0.39600062370300293,175.0,175.0,4,0.38541374206542967,175.0,31,0,0
mutation_prob_0.1,MoserSpindle.col,4,0.0013138651847839355,0.37488865852355957,175.0,175.0,4,0.38541374206542967,175.0,31,0,0
mutation_prob_0.1,MoserSpindle.col,5,0.0010640472173690796,0.393035888671875,175.0,175.0,4,0.38541374206542967,175.0,31,0,0
mutation_prob_0.1,MoserSpindle.col,6,0.0012169256806373596,0.39396214485168457,175.0,175.0,4,0.38541374206542967,175.0,31,0,0
mutation_prob_0.1,MoserSpindle.col,7,0.0012114271521568298,0.36003661155700684,175.0,175.0,4,0.38541374206542967,175.0,31,0,0
mutation_prob_0.1,MoserSpindle.col,8,0.001315586268901825,0.38497304916381836,175.0,175.0,4,0.38541374206542967,175.0,31,0,0
mutation_prob_0.1,MoserSpindle.col,9,0.001430995762348175,0.4060378074645996,175.0,175.0,4,0.38541374206542967,175.0,31,0,0
mutation_prob_0.1,MoserSpindle.col,10,0.0014847517013549805,0.38419318199157715,175.0,175.0,4,0.38541374206542967,175.0,31,0,0
