Experiment,Graph,Run,Avg Generation Time,Total Run Time,Final Fitness Value,Best Fitness Value,Avg Number of Colors Used,Average Total Time,Average Fitness,Stopping Generation,First 4 Color Generation,First Min Color Generation
num_individuals_25,MoserSpindle.col,1,0.00043755024671554565,0.03099846839904785,175.0,175.0,4,0.03119990825653076,171.5,31,0,0
num_individuals_25,MoserSpindle.col,2,9.37432050704956e-05,0.03500103950500488,175.0,175.0,4,0.03119990825653076,171.5,31,0,0
num_individuals_25,MoserSpindle.col,3,0.00018737465143203735,0.030999183654785156,140.0,140.0,5,0.03119990825653076,171.5,31,-1,0
num_individuals_25,MoserSpindle.col,4,0.0003124251961708069,0.03100132942199707,175.0,175.0,4,0.03119990825653076,171.5,31,0,0
num_individuals_25,MoserSpindle.col,5,0.00040603429079055786,0.03296351432800293,175.0,175.0,4,0.03119990825653076,171.5,31,0,0
num_individuals_25,MoserSpindle.col,6,0.00040618330240249634,0.032000064849853516,175.0,175.0,4,0.03119990825653076,171.5,31,0,0
num_individuals_25,MoserSpindle.col,7,0.0004375725984573364,0.030998945236206055,175.0,175.0,4,0.03119990825653076,171.5,31,0,0
num_individuals_25,MoserSpindle.col,8,0.0003437846899032593,0.029036521911621094,175.0,175.0,4,0.03119990825653076,171.5,31,0,0
num_individuals_25,MoserSpindle.col,9,0.00034386664628982544,0.03200030326843262,175.0,175.0,4,0.03119990825653076,171.5,31,0,0
num_individuals_25,MoserSpindle.col,10,0.00022003799676895142,0.026999711990356445,175.0,175.0,4,0.03119990825653076,171.5,31,1,1
