Experiment,Graph,Run,Avg Generation Time,Total Run Time,Final Fitness Value,Best Fitness Value,Avg Number of Colors Used,Average Total Time,Average Fitness,Stopping Generation,First 4 Color Generation,First Min Color Generation
baseline,Complete_Bipartite.col,1,0.0009589493274688721,0.31804752349853516,300.0,300.0,2,0.3102271318435669,290.0,31,0,1
baseline,Complete_Bipartite.col,2,0.0011481717228889465,0.2491016387939453,300.0,300.0,2,0.3102271318435669,290.0,31,0,0
baseline,Complete_Bipartite.col,3,0.001435607671737671,0.34996461868286133,300.0,300.0,2,0.3102271318435669,290.0,31,0,2
baseline,Complete_Bipartite.col,4,0.001217663288116455,0.34508657455444336,300.0,300.0,2,0.3102271318435669,290.0,31,0,1
baseline,Complete_Bipartite.col,5,0.0011217445135116577,0.33417654037475586,300.0,300.0,2,0.3102271318435669,290.0,31,0,2
baseline,Complete_Bipartite.col,6,0.0013073533773422241,0.34889721870422363,300.0,300.0,2,0.3102271318435669,290.0,31,0,0
baseline,Complete_Bipartite.col,7,0.0011192336678504944,0.34397149085998535,200.0,200.0,3,0.3102271318435669,290.0,31,0,0
baseline,Complete_Bipartite.col,8,0.001273906592166785,0.23997855186462402,300.0,300.0,2,0.3102271318435669,290.0,32,0,3
baseline,Complete_Bipartite.col,9,0.0011257454752922058,0.22703862190246582,300.0,300.0,2,0.3102271318435669,290.0,31,0,1
baseline,Complete_Bipartite.col,10,0.0012966358300411339,0.3460085391998291,300.0,300.0,2,0.3102271318435669,290.0,32,0,3
