Experiment,Graph,Run,Avg Generation Time,Total Run Time,Final Fitness Value,Best Fitness Value,Avg Number of Colors Used,Average Total Time,Average Fitness,Stopping Generation,First 4 Color Generation,First Min Color Generation
num_individuals_25,Complete_Bipartite.col,1,0.00034409016370773315,0.027009010314941406,300.0,300.0,2,0.028500843048095702,245.0,31,0,0
num_individuals_25,Complete_Bipartite.col,2,0.00034377723932266235,0.026999711990356445,200.0,200.0,3,0.028500843048095702,245.0,31,0,0
num_individuals_25,Complete_Bipartite.col,3,0.0003750026226043701,0.029999971389770508,300.0,300.0,2,0.028500843048095702,245.0,31,0,1
num_individuals_25,Complete_Bipartite.col,4,0.00036367503079501063,0.029000043869018555,200.0,200.0,3,0.028500843048095702,245.0,32,0,0
num_individuals_25,Complete_Bipartite.col,5,0.00037507712841033936,0.03000020980834961,300.0,300.0,2,0.028500843048095702,245.0,31,0,2
num_individuals_25,Complete_Bipartite.col,6,0.0002500265836715698,0.0279998779296875,200.0,200.0,3,0.028500843048095702,245.0,31,0,0
num_individuals_25,Complete_Bipartite.col,7,0.00026505133684943705,0.0280001163482666,300.0,300.0,2,0.028500843048095702,245.0,33,0,4
num_individuals_25,Complete_Bipartite.col,8,0.00037501007318496704,0.02899956703186035,300.0,300.0,2,0.028500843048095702,245.0,31,0,0
num_individuals_25,Complete_Bipartite.col,9,0.0002812892198562622,0.02700018882751465,150.0,150.0,4,0.028500843048095702,245.0,31,0,0
num_individuals_25,Complete_Bipartite.col,10,0.0002499818801879883,0.029999732971191406,200.0,200.0,3,0.028500843048095702,245.0,31,0,0
