Experiment,Graph,Run,Avg Generation Time,Total Run Time,Final Fitness Value,Best Fitness Value,Avg Number of Colors Used,Average Total Time,Average Fitness,Stopping Generation,First 4 Color Generation,First Min Color Generation
mutation_prob_0.01,Complete_Bipartite.col,1,0.0015635490417480469,0.34799838066101074,300.0,300.0,2,0.42557966709136963,290.0,31,0,0
mutation_prob_0.01,Complete_Bipartite.col,2,0.001412644105799058,0.38300013542175293,300.0,300.0,2,0.42557966709136963,290.0,33,0,0
mutation_prob_0.01,Complete_Bipartite.col,3,0.0017865002155303955,0.44901061058044434,300.0,300.0,2,0.42557966709136963,290.0,31,0,0
mutation_prob_0.01,Complete_Bipartite.col,4,0.0036234483122825623,0.8779435157775879,300.0,300.0,2,0.42557966709136963,290.0,31,0,0
mutation_prob_0.01,Complete_Bipartite.col,5,0.0013427734375,0.47300219535827637,300.0,300.0,2,0.42557966709136963,290.0,34,0,5
mutation_prob_0.01,Complete_Bipartite.col,6,0.0013735145330429077,0.36699366569519043,300.0,300.0,2,0.42557966709136963,290.0,31,0,1
mutation_prob_0.01,Complete_Bipartite.col,7,0.001343749463558197,0.3150007724761963,200.0,200.0,3,0.42557966709136963,290.0,31,0,0
mutation_prob_0.01,Complete_Bipartite.col,8,0.0014681443572044373,0.35996437072753906,300.0,300.0,2,0.42557966709136963,290.0,31,0,1
mutation_prob_0.01,Complete_Bipartite.col,9,0.001529790461063385,0.35488271713256836,300.0,300.0,2,0.42557966709136963,290.0,31,0,0
mutation_prob_0.01,Complete_Bipartite.col,10,0.0010322555899620056,0.3280003070831299,300.0,300.0,2,0.42557966709136963,290.0,31,0,0
