Experiment,Graph,Run,Avg Generation Time,Total Run Time,Final Fitness Value,Best Fitness Value,Avg Number of Colors Used,Average Total Time,Average Fitness,Stopping Generation,First 4 Color Generation,First Min Color Generation
num_individuals_50,FruchtGraph.col,1,0.001472271978855133,0.23604655265808105,200.0,200.0,6,0.2066751480102539,204.0,31,-1,0
num_individuals_50,FruchtGraph.col,2,0.0010213032364845276,0.2059164047241211,240.0,240.0,5,0.2066751480102539,204.0,31,-1,2
num_individuals_50,FruchtGraph.col,3,0.0010217875242233276,0.2050001621246338,200.0,200.0,6,0.2066751480102539,204.0,31,-1,0
num_individuals_50,FruchtGraph.col,4,0.001116931438446045,0.20599985122680664,200.0,200.0,6,0.2066751480102539,204.0,31,-1,0
num_individuals_50,FruchtGraph.col,5,0.001093551516532898,0.20395350456237793,200.0,200.0,6,0.2066751480102539,204.0,31,-1,0
num_individuals_50,FruchtGraph.col,6,0.0010951533913612366,0.20000052452087402,200.0,200.0,6,0.2066751480102539,204.0,31,-1,0
num_individuals_50,FruchtGraph.col,7,0.0012201592326164246,0.21200013160705566,200.0,200.0,6,0.2066751480102539,204.0,31,-1,0
num_individuals_50,FruchtGraph.col,8,0.0011262893676757812,0.19778776168823242,200.0,200.0,6,0.2066751480102539,204.0,31,-1,0
num_individuals_50,FruchtGraph.col,9,0.0009204596281051636,0.19904613494873047,200.0,200.0,6,0.2066751480102539,204.0,31,-1,0
num_individuals_50,FruchtGraph.col,10,0.0010552480816841125,0.20100045204162598,200.0,200.0,6,0.2066751480102539,204.0,31,-1,0
