Experiment,Graph,Run,Avg Generation Time,Total Run Time,Final Fitness Value,Best Fitness Value,Avg Number of Colors Used,Average Total Time,Average Fitness,Stopping Generation,First 4 Color Generation,First Min Color Generation
mutation_prob_0.1,Wheel6Graph.col,1,0.0010227113962173462,0.3251824378967285,150.0,150.0,4,0.3927185535430908,150.0,31,0,0
mutation_prob_0.1,Wheel6Graph.col,2,0.0010846182703971863,0.3350045680999756,150.0,150.0,4,0.3927185535430908,150.0,31,0,0
mutation_prob_0.1,Wheel6Graph.col,3,0.00111427903175354,0.3188948631286621,150.0,150.0,4,0.3927185535430908,150.0,31,0,0
mutation_prob_0.1,Wheel6Graph.col,4,0.001087084412574768,0.3359990119934082,150.0,150.0,4,0.3927185535430908,150.0,31,0,0
mutation_prob_0.1,Wheel6Graph.col,5,0.0011209920048713684,0.3299992084503174,150.0,150.0,4,0.3927185535430908,150.0,31,0,0
mutation_prob_0.1,Wheel6Graph.col,6,0.0010585635900497437,0.32906079292297363,150.0,150.0,4,0.3927185535430908,150.0,31,0,0
mutation_prob_0.1,Wheel6Graph.col,7,0.0009439140558242798,0.32398271560668945,150.0,150.0,4,0.3927185535430908,150.0,31,0,0
mutation_prob_0.1,Wheel6Graph.col,8,0.001406341791152954,0.5010128021240234,150.0,150.0,4,0.3927185535430908,150.0,31,0,0
mutation_prob_0.1,Wheel6Graph.col,9,0.002076089382171631,0.7510478496551514,150.0,150.0,4,0.3927185535430908,150.0,31,0,0
mutation_prob_0.1,Wheel6Graph.col,10,0.0013751164078712463,0.3770012855529785,150.0,150.0,4,0.3927185535430908,150.0,31,0,0
