Experiment,Graph,Run,Avg Generation Time,Total Run Time,Final Fitness Value,Best Fitness Value,Avg Number of Colors Used,Average Total Time,Average Fitness,Stopping Generation,First 4 Color Generation,First Min Color Generation
mutation_prob_0.1,Octahedron.col,1,0.001466803252696991,0.35700082778930664,200.0,200.0,3,0.35328688621521,200.0,31,0,0
mutation_prob_0.1,Octahedron.col,2,0.0014697015285491943,0.3608856201171875,200.0,200.0,3,0.35328688621521,200.0,31,0,0
mutation_prob_0.1,Octahedron.col,3,0.0016261488199234009,0.37200021743774414,200.0,200.0,3,0.35328688621521,200.0,31,0,0
mutation_prob_0.1,Octahedron.col,4,0.0015635043382644653,0.3509979248046875,200.0,200.0,3,0.35328688621521,200.0,31,0,0
mutation_prob_0.1,Octahedron.col,5,0.0013128966093063354,0.3549983501434326,200.0,200.0,3,0.35328688621521,200.0,31,0,0
mutation_prob_0.1,Octahedron.col,6,0.0013749897480010986,0.35893774032592773,200.0,200.0,3,0.35328688621521,200.0,31,0,0
mutation_prob_0.1,Octahedron.col,7,0.001214057207107544,0.33901405334472656,200.0,200.0,3,0.35328688621521,200.0,31,0,0
mutation_prob_0.1,Octahedron.col,8,0.0013073012232780457,0.3249838352203369,200.0,200.0,3,0.35328688621521,200.0,31,0,0
mutation_prob_0.1,Octahedron.col,9,0.0012767314910888672,0.36101341247558594,200.0,200.0,3,0.35328688621521,200.0,31,0,0
mutation_prob_0.1,Octahedron.col,10,0.001492239534854889,0.35303688049316406,200.0,200.0,3,0.35328688621521,200.0,31,0,0
