Experiment,Graph,Run,Avg Generation Time,Total Run Time,Final Fitness Value,Best Fitness Value,Avg Number of Colors Used,Average Total Time,Average Fitness,Stopping Generation,First 4 Color Generation,First Min Color Generation
mutation_prob_0.03,OuterplanarGraph.col,1,0.0020889490842819214,0.7010176181793213,220.0,220.0,5,0.7029152154922486,209.0,31,-1,0
mutation_prob_0.03,OuterplanarGraph.col,2,0.002340175211429596,0.6920130252838135,183.33333333333334,183.33333333333334,6,0.7029152154922486,209.0,31,-1,0
mutation_prob_0.03,OuterplanarGraph.col,3,0.002576477825641632,0.7390501499176025,183.33333333333334,183.33333333333334,6,0.7029152154922486,209.0,31,-1,0
mutation_prob_0.03,OuterplanarGraph.col,4,0.0021173134446144104,0.6940481662750244,183.33333333333334,183.33333333333334,6,0.7029152154922486,209.0,31,-1,0
mutation_prob_0.03,OuterplanarGraph.col,5,0.0020522935049874444,0.7580029964447021,220.0,220.0,5,0.7029152154922486,209.0,34,-1,0
mutation_prob_0.03,OuterplanarGraph.col,6,0.0020942464470863342,0.6909151077270508,220.0,220.0,5,0.7029152154922486,209.0,31,-1,2
mutation_prob_0.03,OuterplanarGraph.col,7,0.0024613365530967712,0.6960015296936035,220.0,220.0,5,0.7029152154922486,209.0,31,-1,0
mutation_prob_0.03,OuterplanarGraph.col,8,0.0018766000866889954,0.6689965724945068,220.0,220.0,5,0.7029152154922486,209.0,31,-1,2
mutation_prob_0.03,OuterplanarGraph.col,9,0.00248892605304718,0.6899521350860596,220.0,220.0,5,0.7029152154922486,209.0,31,-1,1
mutation_prob_0.03,OuterplanarGraph.col,10,0.002054460346698761,0.6991548538208008,220.0,220.0,5,0.7029152154922486,209.0,31,-1,0
