Experiment,Graph,Run,Avg Generation Time,Total Run Time,Final Fitness Value,Best Fitness Value,Avg Number of Colors Used,Average Total Time,Average Fitness,Stopping Generation,First 4 Color Generation,First Min Color Generation
crossover_prob_0.6,Complete_Bipartite.col,1,0.0013721808791160583,0.33200693130493164,200.0,200.0,3,0.32903475761413575,290.0,31,0,0
crossover_prob_0.6,Complete_Bipartite.col,2,0.0013045817613601685,0.3339998722076416,300.0,300.0,2,0.32903475761413575,290.0,31,0,0
crossover_prob_0.6,Complete_Bipartite.col,3,0.0012472644448280334,0.35399866104125977,300.0,300.0,2,0.32903475761413575,290.0,31,0,0
crossover_prob_0.6,Complete_Bipartite.col,4,0.001301892101764679,0.32700085639953613,300.0,300.0,2,0.32903475761413575,290.0,31,0,0
crossover_prob_0.6,Complete_Bipartite.col,5,0.0010513290762901306,0.3430485725402832,300.0,300.0,2,0.32903475761413575,290.0,31,0,1
crossover_prob_0.6,Complete_Bipartite.col,6,0.0013437941670417786,0.24498724937438965,300.0,300.0,2,0.32903475761413575,290.0,31,0,0
crossover_prob_0.6,Complete_Bipartite.col,7,0.00121307373046875,0.3390164375305176,300.0,300.0,2,0.32903475761413575,290.0,31,0,1
crossover_prob_0.6,Complete_Bipartite.col,8,0.0011522099375724792,0.32206249237060547,300.0,300.0,2,0.32903475761413575,290.0,31,0,0
crossover_prob_0.6,Complete_Bipartite.col,9,0.0011222884058952332,0.3419482707977295,300.0,300.0,2,0.32903475761413575,290.0,31,0,1
crossover_prob_0.6,Complete_Bipartite.col,10,0.00111429619066643,0.3522782325744629,300.0,300.0,2,0.32903475761413575,290.0,32,0,3
