Experiment,Graph,Run,Avg Generation Time,Total Run Time,Final Fitness Value,Best Fitness Value,Avg Number of Colors Used,Average Total Time,Average Fitness,Stopping Generation,First 4 Color Generation,First Min Color Generation
num_individuals_25,Octahedron.col,1,0.0002821981906890869,0.03099822998046875,150.0,150.0,4,0.029912781715393067,195.0,31,0,0
num_individuals_25,Octahedron.col,2,0.00021901726722717285,0.028998374938964844,200.0,200.0,3,0.029912781715393067,195.0,31,0,0
num_individuals_25,Octahedron.col,3,0.0003749951720237732,0.031000614166259766,200.0,200.0,3,0.029912781715393067,195.0,31,0,0
num_individuals_25,Octahedron.col,4,0.00021926313638687134,0.02700042724609375,200.0,200.0,3,0.029912781715393067,195.0,31,0,0
num_individuals_25,Octahedron.col,5,0.0003123059868812561,0.030998945236206055,200.0,200.0,3,0.029912781715393067,195.0,31,0,0
num_individuals_25,Octahedron.col,6,0.0003749653697013855,0.03100109100341797,200.0,200.0,3,0.029912781715393067,195.0,31,0,0
num_individuals_25,Octahedron.col,7,0.00028133392333984375,0.02800130844116211,200.0,200.0,3,0.029912781715393067,195.0,31,0,0
num_individuals_25,Octahedron.col,8,0.00027288090098987925,0.031987667083740234,200.0,200.0,3,0.029912781715393067,195.0,32,0,0
num_individuals_25,Octahedron.col,9,0.00025007128715515137,0.028011798858642578,200.0,200.0,3,0.029912781715393067,195.0,31,0,0
num_individuals_25,Octahedron.col,10,0.00037626922130584717,0.03112936019897461,200.0,200.0,3,0.029912781715393067,195.0,31,0,0
