Experiment,Graph,Run,Avg Generation Time,Total Run Time,Final Fitness Value,Best Fitness Value,Avg Number of Colors Used,Average Total Time,Average Fitness,Stopping Generation,First 4 Color Generation,First Min Color Generation
num_individuals_150,DurerGraph.col,1,0.0031896084547042847,1.627918004989624,200.0,200.0,6,1.687341570854187,224.0,31,-1,0
num_individuals_150,DurerGraph.col,2,0.0033372268080711365,1.6348533630371094,200.0,200.0,6,1.687341570854187,224.0,31,-1,0
num_individuals_150,DurerGraph.col,3,0.0029640942811965942,1.6158456802368164,240.0,240.0,5,1.687341570854187,224.0,31,-1,0
num_individuals_150,DurerGraph.col,4,0.005966976284980774,2.2668204307556152,240.0,240.0,5,1.687341570854187,224.0,31,-1,0
num_individuals_150,DurerGraph.col,5,0.0034059733152389526,1.5299134254455566,240.0,240.0,5,1.687341570854187,224.0,31,-1,0
num_individuals_150,DurerGraph.col,6,0.003716699779033661,1.6757407188415527,240.0,240.0,5,1.687341570854187,224.0,31,-1,1
num_individuals_150,DurerGraph.col,7,0.003725379705429077,1.66029691696167,200.0,200.0,6,1.687341570854187,224.0,31,-1,0
num_individuals_150,DurerGraph.col,8,0.003489971160888672,1.621135950088501,200.0,200.0,6,1.687341570854187,224.0,31,-1,0
num_individuals_150,DurerGraph.col,9,0.003359281655513879,1.627802848815918,240.0,240.0,5,1.687341570854187,224.0,32,-1,3
num_individuals_150,DurerGraph.col,10,0.00394420325756073,1.6130883693695068,240.0,240.0,5,1.687341570854187,224.0,31,-1,0
