Experiment,Graph,Run,Avg Generation Time,Total Run Time,Final Fitness Value,Best Fitness Value,Avg Number of Colors Used,Average Total Time,Average Fitness,Stopping Generation,First 4 Color Generation,First Min Color Generation
num_individuals_50,MoserSpindle.col,1,0.000742398202419281,0.1100301742553711,175.0,175.0,4,0.11010470390319824,175.0,31,0,0
num_individuals_50,MoserSpindle.col,2,0.0006481483578681946,0.11201262474060059,175.0,175.0,4,0.11010470390319824,175.0,31,0,0
num_individuals_50,MoserSpindle.col,3,0.0006525442004203796,0.10995197296142578,175.0,175.0,4,0.11010470390319824,175.0,31,0,0
num_individuals_50,MoserSpindle.col,4,0.0006540641188621521,0.11203432083129883,175.0,175.0,4,0.11010470390319824,175.0,31,0,0
num_individuals_50,MoserSpindle.col,5,0.0005239397287368774,0.10401296615600586,175.0,175.0,4,0.11010470390319824,175.0,31,0,0
num_individuals_50,MoserSpindle.col,6,0.0005282387137413025,0.10799980163574219,175.0,175.0,4,0.11010470390319824,175.0,31,0,0
num_individuals_50,MoserSpindle.col,7,0.0006212666630744934,0.11099863052368164,175.0,175.0,4,0.11010470390319824,175.0,31,0,0
num_individuals_50,MoserSpindle.col,8,0.0007506608963012695,0.10500097274780273,175.0,175.0,4,0.11010470390319824,175.0,31,0,0
num_individuals_50,MoserSpindle.col,9,0.0004672035574913025,0.10599946975708008,175.0,175.0,4,0.11010470390319824,175.0,31,0,0
num_individuals_50,MoserSpindle.col,10,0.0007302910089492798,0.12300610542297363,175.0,175.0,4,0.11010470390319824,175.0,31,0,0
