Experiment,Graph,Run,Avg Generation Time,Total Run Time,Final Fitness Value,Best Fitness Value,Avg Number of Colors Used,Average Total Time,Average Fitness,Stopping Generation,First 4 Color Generation,First Min Color Generation
crossover_prob_0.6,MoserSpindle.col,1,0.001148328185081482,0.37198805809020996,175.0,175.0,4,0.3810363531112671,175.0,31,0,0
crossover_prob_0.6,MoserSpindle.col,2,0.001242712140083313,0.3560009002685547,175.0,175.0,4,0.3810363531112671,175.0,31,0,0
crossover_prob_0.6,MoserSpindle.col,3,0.0011816322803497314,0.389986515045166,175.0,175.0,4,0.3810363531112671,175.0,31,0,0
crossover_prob_0.6,MoserSpindle.col,4,0.0010529309511184692,0.37540459632873535,175.0,175.0,4,0.3810363531112671,175.0,31,0,0
crossover_prob_0.6,MoserSpindle.col,5,0.0014638081192970276,0.3939967155456543,175.0,175.0,4,0.3810363531112671,175.0,31,0,0
crossover_prob_0.6,MoserSpindle.col,6,0.001117505133152008,0.3859989643096924,175.0,175.0,4,0.3810363531112671,175.0,31,0,0
crossover_prob_0.6,MoserSpindle.col,7,0.0011497735977172852,0.38300275802612305,175.0,175.0,4,0.3810363531112671,175.0,31,0,0
crossover_prob_0.6,MoserSpindle.col,8,0.0011786893010139465,0.3839850425720215,175.0,175.0,4,0.3810363531112671,175.0,31,0,0
crossover_prob_0.6,MoserSpindle.col,9,0.0012108907103538513,0.3760240077972412,175.0,175.0,4,0.3810363531112671,175.0,31,0,0
crossover_prob_0.6,MoserSpindle.col,10,0.001368299126625061,0.39397597312927246,175.0,175.0,4,0.3810363531112671,175.0,31,0,0
